#,Citation ID,Citaton Type,Standard,Issuance Date,Abatement Due Date,Current Penalty,Initial Penalty,FTA Penalty,Contest,Latest Event,Note,activity_code
1.0,1001,Willful,2.181(3)(4)(A),11/16/2022,11/21/2022,"$70,000","$70,000",$0,12/08/2022,C - Contested,,1619753.015
2.0,1002,Willful,2.181(3)(4)(C),11/16/2022,11/21/2022,"$70,000","$70,000",$0,12/08/2022,C - Contested,,1619753.015
1.0,01001A,Other,19100141 B01 I,09/21/2022,,$0,$0,$0,,Z - Issued,,1617010.015
2.0,01001B,Other,19100141 C01 I,09/21/2022,,$0,$0,$0,,Z - Issued,,1617010.015
1.0,1001,Repeat,19100037 A03,10/18/2022,10/31/2022,"$4,500","$5,000",$0,,Z - Issued,,1609906.015
2.0,1002,Repeat,19100157 C01,10/18/2022,10/31/2022,"$2,250","$2,500",$0,,Z - Issued,,1609906.015
1.0,1001,Other,19100178 L04 II B,10/25/2022,12/13/2022,"$5,283","$5,283",$0,,I - Informal Settlement,,1607451.015
1.0,1001,Repeat,19100037 A03,12/12/2022,12/30/2022,"$145,027","$145,027",$0,,Z - Issued,,1601808.015
2.0,1002,Repeat,19100303 G01 II,12/12/2022,12/30/2022,"$145,027","$145,027",$0,,Z - Issued,,1601808.015
1.0,1001,Willful,19100037 A03,10/26/2022,11/07/2022,"$145,027","$145,027",$0,10/28/2022,C - Contested,,1599901.015
2.0,2001,Repeat,19100037 B02,10/26/2022,11/07/2022,"$11,396","$11,396",$0,10/28/2022,C - Contested,,1599901.015
3.0,2002,Repeat,19100305 B01 II,10/26/2022,11/07/2022,"$91,157","$91,157",$0,10/28/2022,C - Contested,,1599901.015
1.0,01001A,Repeat,19100036 G02,11/17/2022,,"$136,741","$136,741",$0,12/05/2022,C - Contested,,1599864.015
2.0,01001B,Repeat,19100037 A03,11/17/2022,,$0,$0,$0,12/05/2022,C - Contested,,1599864.015
3.0,01002,Repeat,19100157 C01,11/17/2022,,"$1,140","$1,140",$0,12/05/2022,C - Contested,,1599864.015
4.0,01003,Repeat,19100304 F01 IV,11/17/2022,,$414,$414,$0,12/05/2022,C - Contested,,1599864.015
1.0,1001,Serious,19100022 A03,10/26/2022,,"$9,116","$9,116",$0,,Z - Issued,,1598544.015
2.0,1002,Serious,19100028 B11 II,10/26/2022,,"$9,116","$9,116",$0,,Z - Issued,,1598544.015
3.0,1003,Serious,19100036 D01,10/26/2022,,"$9,116","$9,116",$0,,Z - Issued,,1598544.015
4.0,2001,Repeat,19100022 A01,10/26/2022,,"$91,157","$91,157",$0,,Z - Issued,,1598544.015
5.0,2002,Repeat,19100037 A03,10/26/2022,,"$91,157","$91,157",$0,,Z - Issued,,1598544.015
6.0,2003,Repeat,19100176 B,10/26/2022,,"$91,157","$91,157",$0,,Z - Issued,,1598544.015
7.0,2004,Repeat,19100303 G01 II,10/26/2022,,"$91,157","$91,157",$0,,Z - Issued,,1598544.015
1.0,1001,Willful,19100037 A03,11/16/2022,12/05/2022,"$70,000","$70,000",$0,12/08/2022,C - Contested,,1597335.015
2.0,2001,Repeat,19100022 A01,11/16/2022,12/05/2022,"$33,000","$33,000",$0,12/08/2022,C - Contested,,1597335.015
3.0,2002,Repeat,19100157 C01,11/16/2022,11/21/2022,"$16,500","$16,500",$0,12/08/2022,C - Contested,,1597335.015
4.0,2003,Repeat,19100303 G01 I A,11/16/2022,12/05/2022,"$22,000","$22,000",$0,12/08/2022,C - Contested,,1597335.015
5.0,3001,Serious,19100039 D,11/16/2022,11/21/2022,"$7,000","$7,000",$0,12/08/2022,C - Contested,,1597335.015
1.0,1001,Willful,19100022 A01,10/26/2022,11/22/2022,"$136,736","$136,736",$0,10/28/2022,C - Contested,,1596914.015
2.0,1002,Willful,19100037 A03,10/26/2022,11/22/2022,"$136,736","$136,736",$0,10/28/2022,C - Contested,,1596914.015
3.0,1003,Willful,19100176 B,10/26/2022,11/22/2022,"$136,736","$136,736",$0,10/28/2022,C - Contested,,1596914.015
4.0,2001,Repeat,19100037 B02,10/26/2022,,"$2,277","$2,277",$0,10/28/2022,C - Contested,,1596914.015
5.0,2002,Repeat,19100157 C01,10/26/2022,11/22/2022,"$11,396","$11,396",$0,10/28/2022,C - Contested,,1596914.015
1.0,1001,Repeat,19100022 A01,10/26/2022,11/22/2022,"$136,741","$136,741",$0,10/28/2022,C - Contested,,1597065.015
2.0,1002,Repeat,19100037 A03,10/26/2022,11/22/2022,"$145,027","$145,027",$0,10/28/2022,C - Contested,,1597065.015
3.0,1003,Repeat,19100303 G01 II,10/26/2022,11/22/2022,"$136,741","$136,741",$0,10/28/2022,C - Contested,,1597065.015
1.0,1001,Other,19100303 B02,10/28/2022,11/15/2022,$0,$0,$0,,Z - Issued,,1596336.015
1.0,1001,Serious,19100022 A03,10/26/2022,11/22/2022,"$6,837","$6,837",$0,10/28/2022,C - Contested,,1593249.015
2.0,2001,Willful,19100022 A01,10/26/2022,11/22/2022,"$136,736","$136,736",$0,10/28/2022,C - Contested,,1593249.015
3.0,2002,Willful,19100037 A03,10/26/2022,11/22/2022,"$145,027","$145,027",$0,10/28/2022,C - Contested,,1593249.015
4.0,2003,Willful,19100176 B,10/26/2022,11/22/2022,"$136,736","$136,736",$0,10/28/2022,C - Contested,,1593249.015
5.0,2004,Willful,19100303 G01 II,10/26/2022,11/22/2022,"$136,736","$136,736",$0,10/28/2022,C - Contested,,1593249.015
6.0,3001,Repeat,19100157 C01,10/26/2022,11/22/2022,"$11,396","$11,396",$0,10/28/2022,C - Contested,,1593249.015
7.0,3002,Repeat,19100157 E02,10/26/2022,11/22/2022,"$2,277","$2,277",$0,10/28/2022,C - Contested,,1593249.015
1.0,1001,Willful,19100022 A01,10/26/2022,11/22/2022,"$136,736","$136,736",$0,10/28/2022,C - Contested,,1592570.015
2.0,1002,Willful,19100037 A03,10/26/2022,11/22/2022,"$145,027","$145,027",$0,10/28/2022,C - Contested,,1592570.015
3.0,1003,Willful,19100176 B,10/26/2022,11/22/2022,"$136,736","$136,736",$0,10/28/2022,C - Contested,,1592570.015
4.0,2001,Repeat,19100157 C01,10/26/2022,,"$11,396","$11,396",$0,10/28/2022,C - Contested,,1592570.015
1.0,1001,Serious,19100303 G01,09/23/2022,,"$10,360","$10,360",$0,11/07/2022,C - Contested,,1592900.015
2.0,1002,Serious,19100303 G01 VII B,09/23/2022,,"$10,360","$10,360",$0,11/07/2022,C - Contested,,1592900.015
3.0,1003,Serious,19100334 A03 III,09/23/2022,,"$10,360","$10,360",$0,11/07/2022,C - Contested,,1592900.015
4.0,2001,Other,19040040 A,09/23/2022,10/20/2022,"$2,072","$2,072",$0,11/07/2022,C - Contested,,1592900.015
1.0,1001,Other,19100037 A03,05/23/2022,06/22/2022,"$1,279","$1,279",$0,,Z - Issued,,1592340.015
1.0,1001,Willful,19100037 A03,10/06/2022,10/26/2022,"$136,736","$136,736",$0,10/11/2022,C - Contested,,1590571.015
2.0,2001,Repeat,19100157 C01,10/06/2022,10/26/2022,"$136,741","$136,741",$0,10/11/2022,C - Contested,,1590571.015
3.0,2002,Repeat,19100303 G01 II,10/06/2022,10/26/2022,"$136,741","$136,741",$0,10/11/2022,C - Contested,,1590571.015
1.0,1001,Repeat,19100037 A03,10/06/2022,10/26/2022,"$145,027","$145,027",$0,10/11/2022,C - Contested,,1590827.015
2.0,1002,Repeat,19100157 C01,10/06/2022,10/26/2022,"$22,792","$22,792",$0,10/11/2022,C - Contested,,1590827.015
3.0,1003,Repeat,19100176 B,10/06/2022,10/26/2022,"$145,027","$145,027",$0,10/11/2022,C - Contested,,1590827.015
1.0,1001,Other,19040032 B06,09/29/2022,10/03/2022,"$1,100","$1,100",$0,,Z - Issued,,1590051.015
1.0,1001,Willful,19100022 A01,10/06/2022,10/19/2022,"$136,736","$136,736",$0,10/11/2022,C - Contested,,1589448.015
2.0,1002,Willful,19100037 A03,10/06/2022,,"$136,736","$136,736",$0,10/11/2022,C - Contested,,1589448.015
3.0,1003,Willful,19100303 G01 II,10/06/2022,10/19/2022,"$136,736","$136,736",$0,10/11/2022,C - Contested,,1589448.015
1.0,1001,Repeat,19100036 D01,10/06/2022,11/02/2022,"$145,027","$145,027",$0,10/12/2022,C - Contested,,1588719.015
2.0,1002,Repeat,19100036 G02,10/06/2022,11/02/2022,"$145,027","$145,027",$0,10/12/2022,C - Contested,,1588719.015
3.0,1003,Repeat,19100037 A03,10/06/2022,11/02/2022,"$145,027","$145,027",$0,10/12/2022,C - Contested,,1588719.015
4.0,1004,Repeat,19100157 C01,10/06/2022,11/02/2022,"$22,792","$22,792",$0,10/12/2022,C - Contested,,1588719.015
5.0,1005,Repeat,19100303 G01 II,10/06/2022,11/02/2022,"$91,157","$91,157",$0,10/12/2022,C - Contested,,1588719.015
1.0,1001,Repeat,19100022 A01,08/11/2022,08/30/2022,"$91,157","$91,157",$0,08/26/2022,C - Contested,,1586442.015
2.0,1002,Repeat,19100037 A03,08/11/2022,08/30/2022,"$91,157","$91,157",$0,08/26/2022,C - Contested,,1586442.015
3.0,1003,Repeat,19100176 B,08/11/2022,08/30/2022,"$91,157","$91,157",$0,08/26/2022,C - Contested,,1586442.015
4.0,1004,Repeat,19100303 G01 II,08/11/2022,08/30/2022,"$91,157","$91,157",$0,08/26/2022,C - Contested,,1586442.015
1.0,01001,Repeat,19100037 A03,05/16/2022,05/31/2022,"$2,500","$2,500",$0,,I - Informal Settlement,,1585314.015
2.0,02001A,Other,19100157 E02,05/16/2022,05/31/2022,$250,$250,$0,,I - Informal Settlement,,1585314.015
3.0,02001B,Other,19100157 E03,05/16/2022,05/31/2022,$250,$250,$0,,I - Informal Settlement,,1585314.015
1.0,1001,Willful,19100022 A01,08/11/2022,08/30/2022,"$136,736","$136,736",$0,08/26/2022,C - Contested,,1585315.015
2.0,1002,Willful,19100037 A03,08/11/2022,08/30/2022,"$136,736","$136,736",$0,08/26/2022,C - Contested,,1585315.015
3.0,1003,Willful,19100176 B,08/11/2022,08/30/2022,"$136,736","$136,736",$0,08/26/2022,C - Contested,,1585315.015
4.0,1004,Willful,19100303 G01 II,08/11/2022,08/30/2022,"$136,736","$136,736",$0,08/26/2022,C - Contested,,1585315.015
5.0,2001,Repeat,19100305 G01 IV A,08/11/2022,,"$91,157","$91,157",$0,08/26/2022,C - Contested,,1585315.015
1.0,1001,Other,19100303 G01,04/19/2022,05/23/2022,$0,$0,$0,,Z - Issued,,1582871.015
1.0,1001,Other,19100157 E02,05/31/2022,06/20/2022,$0,$0,$0,,Z - Issued,,1580600.015
1.0,1001,Repeat,19100022 A01,08/11/2022,09/14/2022,"$145,027","$145,027",$0,08/26/2022,C - Contested,,1578203.015
2.0,1002,Repeat,19100037 A03,08/11/2022,09/14/2022,"$145,027","$145,027",$0,08/26/2022,C - Contested,,1578203.015
1.0,1001,Serious,19100176 A,04/29/2022,05/11/2022,"$14,502","$14,502",$0,,I - Informal Settlement,Citation has been deleted.,1575910.015
2.0,1002,Other,19100178 L04 III,04/29/2022,05/11/2022,"$5,000","$14,502",$0,,I - Informal Settlement,,1575910.015
1.0,01001A,Other,408.10831(1),01/19/2022,,$0,$0,$0,,Z - Issued,,1571838.015
2.0,01001B,Other,408.10835(3),01/19/2022,,$0,$0,$0,,Z - Issued,,1571838.015
1.0,1001,Repeat,19100303 G01 II,05/23/2022,,"$41,019","$68,365",$0,,I - Informal Settlement,,1572077.015
1.0,01001A,Repeat,19100037 A03,06/27/2022,07/22/2022,"$136,741","$136,741",$0,08/26/2022,C - Contested,,1570337.015
2.0,01001B,Repeat,19100036 G02,06/27/2022,07/22/2022,$0,$0,$0,08/26/2022,C - Contested,,1570337.015
1.0,01001A,Other,19040039 A01,01/28/2022,,"$6,500","$10,360",$0,,I - Informal Settlement,,1568259.015
2.0,01001B,Other,19040039 A02,01/28/2022,,$0,$0,$0,,I - Informal Settlement,,1568259.015
1.0,1001,Repeat,19100037 A03,04/26/2022,05/09/2022,"$18,000","$18,000",$0,,Z - Issued,,1567718.015
2.0,2001,Serious,19100157 C01,04/26/2022,05/09/2022,"$2,700","$2,700",$0,,Z - Issued,,1567718.015
3.0,2002,Serious,19100303 G01 I A,04/26/2022,05/09/2022,"$6,300","$6,300",$0,,Z - Issued,,1567718.015
4.0,3001,Other,19100022 A01,04/26/2022,05/09/2022,$0,$0,$0,,Z - Issued,,1567718.015
1.0,01001,Other,19100036 H02,05/20/2022,06/24/2022,$0,"$9,116",$0,,I - Informal Settlement,,1565322.015
2.0,02001A,Repeat,19100036 G02,05/20/2022,05/31/2022,"$102,556","$136,741",$0,,I - Informal Settlement,,1565322.015
3.0,02001B,Repeat,19100037 A03,05/20/2022,05/31/2022,$0,$0,$0,,I - Informal Settlement,,1565322.015
1.0,1001,Repeat,19100037 A03,03/10/2022,03/18/2022,"$25,200","$31,500",$0,,I - Informal Settlement,,1564582.015
2.0,2001,Serious,19100022 A01,03/10/2022,03/18/2022,"$4,320","$5,400",$0,,I - Informal Settlement,,1564582.015
3.0,2002,Serious,19100303 G01 I A,03/10/2022,03/18/2022,"$3,600","$4,500",$0,,I - Informal Settlement,,1564582.015
1.0,1001,Repeat,19100037 A03,03/17/2022,03/23/2022,"$2,279","$2,279",$0,,Z - Issued,,1565904.015
1.0,01001,Serious,19100157 C01,01/21/2022,02/23/2022,"$1,105","$1,700",$0,,I - Informal Settlement,,1560126.015
2.0,01002,Serious,19100303 G01 II,01/21/2022,01/25/2022,"$1,105","$1,700",$0,,I - Informal Settlement,,1560126.015
3.0,02001A,Other,19030002 A02,01/21/2022,01/25/2022,$552,$850,$0,,I - Informal Settlement,,1560126.015
4.0,02001B,Other,19040040 A,01/21/2022,01/25/2022,$0,$0,$0,,Z - Issued,,1560126.015
1.0,01001A,Serious,19100141 C01 I,11/10/2021,11/18/2021,"$3,511","$5,851",$0,,I - Informal Settlement,,1559982.015
2.0,01001B,Serious,19100141 D02 II,11/10/2021,11/18/2021,$0,"$7,802",$0,,I - Informal Settlement,,1559982.015
3.0,01001C,Serious,19100141 D02 IV,11/10/2021,11/18/2021,$0,$0,$0,,I - Informal Settlement,,1559982.015
4.0,02001,Other,19100141 A05,11/10/2021,11/17/2021,$0,$0,$0,,I - Informal Settlement,,1559982.015
1.0,1001,Willful,19100022 A01,02/23/2022,,"$102,552","$136,736",$0,,I - Informal Settlement,,1551005.015
2.0,1002,Willful,19100176 B,02/23/2022,,"$102,552","$136,736",$0,,I - Informal Settlement,,1551005.015
3.0,2001,Repeat,19100037 A03,02/23/2022,,"$68,368","$91,157",$0,,I - Informal Settlement,,1551005.015
1.0,1001,Repeat,19040040 A,02/18/2022,02/22/2022,"$3,250","$5,000",$0,,I - Informal Settlement,,1550140.015
1.0,1001,Serious,19100025 C02,09/24/2021,,"$2,842","$5,683",$0,,I - Informal Settlement,,1545894.015
2.0,1002,Serious,19100028 B11 II,09/24/2021,,"$2,842","$5,683",$0,,I - Informal Settlement,,1545894.015
1.0,01001A,Serious,19101200 E01,01/14/2022,02/25/2022,"$4,000","$4,000",$0,,Z - Issued,,1466752.015
2.0,01001B,Serious,408.1014J,01/14/2022,02/25/2022,$0,$0,$0,,Z - Issued,,1466752.015
3.0,01001C,Serious,408.13312(1),01/14/2022,02/25/2022,$0,$0,$0,,Z - Issued,,1466752.015
4.0,01001D,Serious,325.47201(3),01/14/2022,02/25/2022,$0,$0,$0,,Z - Issued,,1466752.015
5.0,02001A,Other,RULE 4(1),01/14/2022,,$0,$0,$0,,Z - Issued,,1466752.015
6.0,02001B,Other,RULE 11(1),01/14/2022,,$0,$0,$0,,Z - Issued,,1466752.015
1.0,1001,Repeat,19100036 G02,10/26/2021,11/22/2021,"$60,000","$85,822",$0,,I - Informal Settlement,,1535655.015
1.0,1001,Other,3225(A),09/21/2021,,$800,$800,$0,,Z - Issued,,1524910.015
2.0,1002,Other,3272(B),09/21/2021,,$800,$800,$0,,Z - Issued,,1524910.015
1.0,1001,Other,19100141 A03 I,05/27/2021,07/02/2021,$200,$200,$0,,Z - Issued,,1522252.015
1.0,1001,Repeat,19100037 A03,06/01/2021,06/29/2021,"$75,000","$107,283",$0,,I - Informal Settlement,,1517332.015
1.0,1001,Serious,5A0001,07/19/2021,,"$7,510","$10,728",$0,,I - Informal Settlement,,1516101.015
1.0,1001,Other,19100305 G01 IV C,04/05/2021,,$0,$0,$0,,Z - Issued,,1510662.015
1.0,1001,Other,19100037 A03,05/04/2021,05/10/2021,$0,$0,$0,,Z - Issued,,1511904.015
2.0,1002,Other,19100305 G01 IV C,05/04/2021,05/10/2021,$0,$0,$0,,Z - Issued,,1511904.015
1.0,01001A,Serious,16VAC25-220-60.C.1.A,06/07/2021,07/13/2021,"$4,491","$6,415",$0,,I - Informal Settlement,,1509745.015
2.0,01001B,Serious,16VAC25-220-60.C.1.K,06/07/2021,07/13/2021,$0,$0,$0,,I - Informal Settlement,,1509745.015
1.0,01001A,Repeat,19100037 A03,04/20/2021,05/14/2021,"$65,000","$85,822",$0,,I - Informal Settlement,,1500289.015
2.0,01001B,Repeat,19100303 G01 II,04/20/2021,05/14/2021,$0,$0,$0,,I - Informal Settlement,,1500289.015
3.0,01002,Repeat,19100036 G02,04/20/2021,05/14/2021,"$25,000","$42,911",$0,,I - Informal Settlement,,1500289.015
1.0,01001A,Willful,19100022 A01,02/23/2021,,"$90,000","$128,726",$0,,I - Informal Settlement,,1498759.015
2.0,01001B,Willful,19100037 A03,02/23/2021,,$0,$0,$0,,I - Informal Settlement,,1498759.015
1.0,1001,Willful,19100022 A01,02/23/2021,03/19/2021,"$90,000","$128,726",$0,,I - Informal Settlement,,1492446.015
1.0,1001,Serious,3203(A)(3),01/20/2021,02/01/2021,"$9,000","$22,500",$0,02/05/2021,F - Formal Settlement,,1487770.015
1.0,1001,Serious,19100132 D01,01/26/2021,02/18/2021,"$5,724","$6,300",$0,,I - Informal Settlement,,1487012.015
2.0,1002,Serious,19100147 C04 II B,01/26/2021,02/03/2021,"$5,724","$6,300",$0,,I - Informal Settlement,,1487012.015
3.0,1003,Serious,19100147 F03 II D,01/26/2021,02/01/2021,"$5,724","$6,300",$0,,I - Informal Settlement,,1487012.015
4.0,1004,Serious,19100333 A01,01/26/2021,02/01/2021,"$5,724","$6,300",$0,,I - Informal Settlement,,1487012.015
5.0,1005,Serious,19100333 B02 I,01/26/2021,02/01/2021,"$5,724","$6,300",$0,,I - Informal Settlement,,1487012.015
6.0,1006,Serious,19100333 B02 II B,01/26/2021,02/01/2021,"$3,924","$4,500",$0,,I - Informal Settlement,,1487012.015
7.0,1007,Serious,19100333 B02 III A,01/26/2021,02/01/2021,"$5,724","$6,300",$0,,I - Informal Settlement,,1487012.015
8.0,1008,Serious,19100335 A01 I,01/26/2021,02/01/2021,"$5,724","$6,300",$0,,I - Informal Settlement,,1487012.015
9.0,1009,Serious,19100335 A01 V,01/26/2021,02/01/2021,"$3,924","$4,500",$0,,I - Informal Settlement,,1487012.015
10.0,1010,Serious,19101030 F02 I,01/26/2021,02/05/2021,"$3,924","$4,500",$0,,I - Informal Settlement,,1487012.015
11.0,2001,Other,19100157 C04,01/26/2021,02/18/2021,$0,$0,$0,,Z - Issued,,1487012.015
12.0,2002,Other,19100305 B02 I,01/26/2021,02/05/2021,$0,$0,$0,,Z - Issued,,1487012.015
1.0,1001,Repeat,19100037 A03,08/14/2020,,"$57,500","$84,821",$0,,I - Informal Settlement,,1483184.015
2.0,1002,Repeat,19100303 G01 II,08/14/2020,,"$57,500","$84,821",$0,,I - Informal Settlement,,1483184.015
1.0,1001,Other,19100037 A03,04/09/2020,04/27/2020,$200,$200,$0,,Z - Issued,,1469985.015
1.0,01001,Serious,19100303 B01,03/30/2020,04/16/2020,"$8,096","$13,494",$0,06/09/2020,F - Formal Settlement,,1467642.015
2.0,01002A,Serious,19101001 J03 I,03/30/2020,04/23/2020,"$8,096","$13,494",$0,06/09/2020,F - Formal Settlement,,1467642.015
3.0,01002B,Serious,19101001 J03 III,03/30/2020,04/23/2020,$0,$0,$0,06/09/2020,F - Formal Settlement,,1467642.015
4.0,01002C,Serious,19101001 J05 I,03/30/2020,04/23/2020,$0,$0,$0,06/09/2020,F - Formal Settlement,,1467642.015
5.0,01002D,Serious,19101001 J07 IV,03/30/2020,04/23/2020,$0,$0,$0,06/09/2020,F - Formal Settlement,,1467642.015
6.0,01002E,Serious,19101001 K08,03/30/2020,04/23/2020,$0,$0,$0,06/09/2020,F - Formal Settlement,,1467642.015
7.0,02001,Repeat,19040032 A04,03/30/2020,04/09/2020,"$2,545","$4,242",$0,06/09/2020,F - Formal Settlement,,1467642.015
1.0,1001,Repeat,19100037 A03,08/05/2020,,"$54,000","$134,937",$0,,I - Informal Settlement,,1461290.015
2.0,1002,Repeat,19100141 A05,08/05/2020,10/09/2020,"$19,240","$48,195",$0,,I - Informal Settlement,,1461290.015
3.0,1003,Repeat,19100157 C01,08/05/2020,,"$23,150","$57,830",$0,,I - Informal Settlement,,1461290.015
1.0,1001,Repeat,19100037 A03,04/15/2020,,"$38,000","$63,613",$0,,I - Informal Settlement,,1459326.015
1.0,1001,Serious,5A0001,06/17/2020,,"$8,096","$13,494",$0,,I - Informal Settlement,,1455352.015
1.0,1001,Other,3203(A),02/12/2020,04/01/2020,$420,$420,$0,,I - Informal Settlement,,1455290.015
2.0,1002,Other,3220(B),02/12/2020,04/01/2020,$280,$280,$0,,I - Informal Settlement,Citation has been deleted.,1455290.015
1.0,1001,Serious,19100178 L01 I,04/21/2020,,"$8,096","$13,494",$0,,Z - Issued,,1453100.015
1.0,1001,Other,19100037 B06,02/14/2020,02/24/2020,$0,$0,$0,,Z - Issued,,1451004.015
2.0,1002,Other,19100303 G01,02/14/2020,02/18/2020,$0,$0,$0,,Z - Issued,,1451004.015
1.0,1001,Serious,19100036 G02,03/26/2020,04/10/2020,"$4,665","$8,482",$0,,I - Informal Settlement,,1450479.015
2.0,1002,Repeat,19100157 C01,03/26/2020,04/10/2020,"$4,250","$10,604",$0,,I - Informal Settlement,,1450479.015
3.0,1003,Repeat,19100157 E03,03/26/2020,04/10/2020,"$1,165","$2,118",$0,,I - Informal Settlement,,1450479.015
4.0,1004,Repeat,19100176 B,03/26/2020,04/10/2020,"$2,916","$5,302",$0,,I - Informal Settlement,,1450479.015
1.0,1001,Serious,19100036 G02,03/18/2020,,"$4,665","$8,482",$0,,I - Informal Settlement,,1439273.015
2.0,2001,Repeat,19100022 A01,03/18/2020,04/16/2020,"$34,987","$63,613",$0,,I - Informal Settlement,,1439273.015
3.0,2002,Repeat,19100157 E03,03/18/2020,04/16/2020,"$2,329","$4,235",$0,,I - Informal Settlement,,1439273.015
4.0,3001,Other,19100304 F01 VIII,03/18/2020,04/16/2020,$0,$0,$0,,I - Informal Settlement,,1439273.015
1.0,1001,Repeat,19100022 A01,03/13/2020,,"$34,987","$63,613",$0,,I - Informal Settlement,,1436276.015
2.0,1002,Serious,19100036 G02,03/13/2020,,"$4,665","$8,482",$0,,I - Informal Settlement,,1436276.015
1.0,1001,Other,19040040 A,10/04/2019,11/08/2019,$0,"$1,000",$0,,I - Informal Settlement,,1427131.015
1.0,1001,Serious,19100157 G02,09/06/2019,09/13/2019,"$3,315","$9,472",$0,,I - Informal Settlement,,1422645.015
2.0,2001,Repeat,19100037 A03,09/06/2019,09/13/2019,"$89,503","$132,598",$0,,I - Informal Settlement,,1422645.015
1.0,1001,Other,19100303 G01,01/15/2020,01/22/2020,$0,$0,$0,,Z - Issued,,1421761.015
1.0,1001,Other,3363(A),11/04/2019,06/29/2020,$450,$560,$0,12/02/2019,O - Administrative Law Judge Order,,1417285.015
1.0,1001,Other,19100022 A02,05/30/2019,06/14/2019,$0,$0,$0,,Z - Issued,,1403214.015
1.0,1001,Other,19040040 A,05/14/2019,06/13/2019,"$1,043","$2,085",$0,,I - Informal Settlement,,1395846.015
1.0,1001,Other,TDLWD RULE 800-01-03-.05(2)(A),05/03/2019,,$700,$700,$0,,Z - Issued,,1390605.015
1.0,1001,Other,19100303 G01,04/22/2019,05/06/2019,$0,$0,$0,,Z - Issued,,1381030.015
1.0,01001A,Other,19100022 A01,02/20/2019,03/27/2019,$0,$0,$0,,Z - Issued,,1375565.015
2.0,01001B,Other,19100141 A05,02/20/2019,03/27/2019,$0,$0,$0,,Z - Issued,,1375565.015
3.0,01002,Other,19100037 B02,02/20/2019,03/04/2019,$0,$0,$0,,Z - Issued,,1375565.015
4.0,01003,Other,19100157 C01,02/20/2019,03/04/2019,$0,$0,$0,,Z - Issued,,1375565.015
1.0,1001,Repeat,19100037 A03,02/05/2019,04/15/2019,"$45,000","$83,347",$0,,I - Informal Settlement,,1352167.015
1.0,1001,Other,19101200 H02,12/05/2018,12/18/2018,$0,$0,$0,,Z - Issued,,1348061.015
1.0,1001,Other,19040039 A02,11/05/2018,,"$4,620","$9,239",$0,,I - Informal Settlement,,1336307.015
1.0,1001,Serious,19100176 A,10/10/2018,12/07/2018,"$12,934","$71,137",$0,,I - Informal Settlement,,1329056.015
1.0,1001,Other,19101200 G08,07/11/2018,,$0,$0,$0,,Z - Issued,,1323162.015
1.0,1001,Repeat,19100036 G02,08/03/2018,08/22/2018,"$32,000","$46,195",$0,,I - Informal Settlement,,1301615.015
2.0,1002,Repeat,19100303 G01 II,08/03/2018,,"$18,000","$27,715",$0,,I - Informal Settlement,,1301615.015
3.0,2001,Other,19100037 B02,08/03/2018,08/22/2018,$0,$0,$0,,I - Informal Settlement,,1301615.015
1.0,1001,Repeat,19100022 A01,01/08/2018,02/06/2018,"$18,292","$30,487",$0,,I - Informal Settlement,,1283802.015
2.0,1002,Repeat,19100305 G01 IV A,01/08/2018,02/06/2018,"$6,652","$30,487",$0,,I - Informal Settlement,,1283802.015
1.0,01001A,Serious,19100303 G01,12/20/2017,,"$3,000","$4,889",$0,02/16/2018,J - ALJ Decision,,1280975.015
2.0,01001B,Serious,19100305 B01 II,12/20/2017,,$0,$0,$0,02/16/2018,J - ALJ Decision,,1280975.015
1.0,1001,Other,19100022 A01,10/11/2017,11/15/2017,$200,$200,$0,,Z - Issued,,1265352.015
1.0,1001,Other,19040032 A04,04/25/2017,,"$2,000","$3,984",$0,07/03/2017,F - Formal Settlement,,1225250.015
1.0,1001,Other,19100141 A05,05/25/2017,06/27/2017,$0,"$1,500",$0,,I - Informal Settlement,,1226089.015
1.0,1001,Other,19040029 B03,02/06/2017,02/10/2017,"$1,000","$1,000",$0,,Z - Issued,,1203374.015
1.0,1001,Repeat,19100303 G01 II,07/05/2017,07/31/2017,"$36,000","$59,752",$0,,I - Informal Settlement,,1201133.015
2.0,2001,Other,19100036 G04,07/05/2017,,$0,$0,$0,,I - Informal Settlement,,1201133.015
1.0,1001,Other,19100022 D01,02/02/2017,03/22/2017,$0,$0,$0,,Z - Issued,,1200685.015
1.0,1001,Repeat,19100037 A03,02/22/2017,03/27/2017,"$54,324","$90,540",$0,,I - Informal Settlement,,1195208.015
1.0,01001A,Other,19100037 B01,05/18/2017,07/06/2017,$0,"$9,959",$0,,I - Informal Settlement,,1192554.015
2.0,01001B,Other,19100037 B06,05/18/2017,,$0,$0,$0,,I - Informal Settlement,,1192554.015
3.0,02001,Repeat,19100037 A03,05/18/2017,07/06/2017,"$68,000","$99,594",$0,,I - Informal Settlement,,1192554.015
1.0,1001,Repeat,19100037 A03,03/03/2017,,"$88,724","$126,749",$0,,I - Informal Settlement,,1184028.015
2.0,1002,Repeat,19100157 C01,03/03/2017,,$0,$0,$0,,I - Informal Settlement,,1184028.015
3.0,1003,Repeat,19100303 G01 II,03/03/2017,,$0,$0,$0,,I - Informal Settlement,,1184028.015
4.0,1004,Repeat,19100305 B02 I,03/03/2017,,"$20,913","$29,876",$0,,I - Informal Settlement,,1184028.015
1.0,01001C,Serious,19100178 O02,10/19/2016,11/15/2016,"$3,180",$0,$0,,I - Informal Settlement,,1181678.015
2.0,01002,Other,19100036 G02,10/19/2016,11/15/2016,$0,"$4,543",$0,,I - Informal Settlement,,1181678.015
1.0,1001,Repeat,19100037 A03,03/08/2017,04/03/2017,"$47,804","$79,673",$0,,I - Informal Settlement,,1180314.015
2.0,1002,Repeat,19100157 C01,03/08/2017,04/03/2017,"$11,953","$19,921",$0,,I - Informal Settlement,,1180314.015
3.0,1003,Repeat,19100303 G01 II,03/08/2017,04/03/2017,"$2,389","$3,982",$0,,I - Informal Settlement,,1180314.015
4.0,2001,Other,19100305 G01 IV,03/08/2017,03/20/2017,$0,$0,$0,,I - Informal Settlement,,1180314.015
1.0,1001,Repeat,19100036 D01,10/20/2016,11/16/2016,"$41,157","$58,795",$0,,I - Informal Settlement,,1175610.015
1.0,1001,Repeat,19100037 A03,01/31/2017,02/17/2017,"$47,760","$54,320",$0,02/02/2017,J - ALJ Decision,,1172115.015
2.0,1002,Repeat,19100157 E02,01/31/2017,02/17/2017,"$1,810","$1,810",$0,02/02/2017,J - ALJ Decision,,1172115.015
3.0,1003,Repeat,19100176 B,01/31/2017,02/17/2017,"$18,110","$18,110",$0,02/02/2017,J - ALJ Decision,,1172115.015
1.0,1001,Repeat,19100037 A03,11/10/2016,12/07/2016,"$117,579","$117,579",$0,,I - Informal Settlement,,1170666.015
1.0,1001,Serious,19100036 G02,09/01/2016,09/28/2016,"$7,000","$8,908",$0,,I - Informal Settlement,,1167738.015
2.0,2001,Repeat,19100037 A03,09/01/2016,09/28/2016,"$63,000","$89,080",$0,,I - Informal Settlement,,1167738.015
3.0,3001,Other,19101200 G08,09/01/2016,09/28/2016,$0,$0,$0,,I - Informal Settlement,,1167738.015
1.0,1001,Repeat,19100037 A03,07/11/2016,,"$31,680","$44,000",$0,,I - Informal Settlement,,1158861.015
2.0,1002,Repeat,19100157 C01,07/11/2016,08/02/2016,"$7,910","$11,000",$0,,I - Informal Settlement,,1158861.015
3.0,1003,Repeat,19100303 G01,07/11/2016,,"$7,910","$11,000",$0,,I - Informal Settlement,,1158861.015
1.0,1001,Repeat,19100037 A03,11/10/2016,07/27/2017,"$42,994","$48,994",$0,12/02/2016,F - Formal Settlement,,1153779.015
2.0,2001,Other,19100303 B02,11/10/2016,12/30/2016,$0,$0,$0,12/02/2016,F - Formal Settlement,,1153779.015
1.0,1001,Repeat,19100036 D01,10/18/2016,07/27/2017,"$91,988","$97,988",$0,11/10/2016,F - Formal Settlement,,1141463.015
2.0,2001,Repeat,19100037 A03,10/18/2016,07/27/2017,"$58,795","$58,795",$0,11/10/2016,F - Formal Settlement,,1141463.015
3.0,2002,Repeat,19100303 G01 II,10/18/2016,07/27/2017,"$58,795","$58,795",$0,11/10/2016,F - Formal Settlement,,1141463.015
1.0,1001,Other,19100303 B07 I,02/23/2016,03/18/2016,"$1,000","$2,805",$0,,I - Informal Settlement,,1122251.015
2.0,2001,Repeat,19100303 F02,02/23/2016,04/08/2016,"$10,725","$16,500",$0,,I - Informal Settlement,,1122251.015
3.0,2002,Repeat,19100303 G01 II,02/23/2016,,"$10,725","$16,500",$0,,I - Informal Settlement,,1122251.015
1.0,01001A,Serious,19100141 C01 I,02/19/2016,02/23/2016,$780,"$1,200",$0,,I - Informal Settlement,,1121762.015
2.0,01001B,Serious,19100141 D02 I,02/19/2016,02/23/2016,$0,$0,$0,,I - Informal Settlement,,1121762.015
1.0,1001,Serious,19100305 B02 I,04/08/2016,,"$2,475","$3,300",$0,,I - Informal Settlement,,1105836.015
2.0,2001,Repeat,19100037 A03,04/08/2016,,"$48,680","$70,000",$0,,I - Informal Settlement,,1105836.015
3.0,2002,Repeat,19100157 C01,04/08/2016,,"$19,800","$33,000",$0,,I - Informal Settlement,,1105836.015
4.0,2003,Repeat,19100157 E03,04/08/2016,,$220,$220,$0,,I - Informal Settlement,,1105836.015
5.0,2004,Repeat,19100303 G01,04/08/2016,,$825,"$1,100",$0,,I - Informal Settlement,,1105836.015
1.0,1001,Serious,19100022 A01,03/03/2016,03/15/2016,"$3,300","$3,300",$0,,I - Informal Settlement,,1092862.015
2.0,2001,Repeat,19100037 A03,03/03/2016,,"$33,000","$33,000",$0,,I - Informal Settlement,,1092862.015
3.0,2002,Repeat,19100157 C01,03/03/2016,,"$33,000","$33,000",$0,,I - Informal Settlement,Citation has been deleted.,1092862.015
1.0,1001,Other,19100022 A01,08/10/2015,08/27/2015,$0,$200,$0,,I - Informal Settlement,,1079401.015
2.0,1002,Other,19101200 G08,08/10/2015,08/27/2015,$0,$200,$0,,I - Informal Settlement,,1079401.015
1.0,1001,Serious,19100037 B02,12/28/2015,01/27/2016,"$2,145","$3,300",$0,,I - Informal Settlement,,1077466.015
2.0,2001,Willful,19100037 A03,12/28/2015,01/27/2016,"$39,325","$60,500",$0,,I - Informal Settlement,,1077466.015
3.0,2002,Willful,19100303 G01 II,12/28/2015,01/27/2016,"$28,600","$44,000",$0,,I - Informal Settlement,,1077466.015
4.0,3001,Repeat,19100022 A01,12/28/2015,01/27/2016,"$14,300","$22,000",$0,,I - Informal Settlement,,1077466.015
5.0,3002,Repeat,19100157 C01,12/28/2015,01/27/2016,"$21,450","$33,000",$0,,I - Informal Settlement,,1077466.015
1.0,1001,Serious,16VAC25-60-120,09/22/2015,11/13/2015,"$1,103","$1,575",$0,,I - Informal Settlement,,1076134.015
1.0,1001,Other,19100141 A05,07/24/2015,08/19/2015,"$2,000","$3,300",$0,,I - Informal Settlement,,1075508.015
1.0,1001,Repeat,19100037 A03,09/21/2015,10/01/2015,"$19,800","$33,000",$0,,I - Informal Settlement,,1059564.015
2.0,1002,Repeat,19100303 G01,09/21/2015,10/01/2015,"$19,800","$33,000",$0,,I - Informal Settlement,,1059564.015
1.0,1001,Serious,5A0001,06/25/2015,,"$2,618","$3,740",$0,,I - Informal Settlement,,1057017.015
1.0,1001,Serious,19100037 B07,10/21/2015,11/17/2015,"$1,980","$3,300",$0,,I - Informal Settlement,,1057045.015
2.0,2001,Repeat,19100037 A03,10/21/2015,11/09/2015,"$26,400","$44,000",$0,,I - Informal Settlement,,1057045.015
3.0,2002,Repeat,19100157 C01,10/21/2015,11/17/2015,"$19,800","$33,000",$0,,I - Informal Settlement,,1057045.015
4.0,2003,Repeat,19100303 G01 II,10/21/2015,11/17/2015,"$19,800","$33,000",$0,,I - Informal Settlement,,1057045.015
1.0,1001,Repeat,19100037 A03,09/21/2015,10/01/2015,"$42,000","$70,000",$0,,I - Informal Settlement,,1048760.015
2.0,1002,Repeat,19100303 G01,09/21/2015,10/01/2015,"$19,800","$33,000",$0,,I - Informal Settlement,,1048760.015
1.0,01001A,Other,19101200 H02 III,07/01/2015,07/28/2015,"$1,000","$4,000",$0,,I - Informal Settlement,,1047625.015
2.0,01001B,Other,19101200 H03 II,07/01/2015,07/28/2015,$0,$0,$0,,I - Informal Settlement,,1047625.015
1.0,1001,Other,19040032 A04,04/23/2015,06/10/2015,$500,"$1,000",$0,,I - Informal Settlement,,1047652.015
1.0,1001,Other,19100157 C01,02/02/2015,02/26/2015,$0,$0,$0,,-,,317945020.0
2.0,1002,Other,19100157 E02,02/02/2015,02/26/2015,$0,$0,$0,,-,,317945020.0
1.0,1001,Serious,19100036 G04,01/13/2015,01/26/2015,"$3,000","$3,000",$0,,Z - Issued,,1016430.015
2.0,1002,Serious,19100176 B,01/13/2015,01/26/2015,"$3,000","$3,000",$0,,Z - Issued,,1016430.015
3.0,1003,Serious,19100303 G01,01/13/2015,01/26/2015,"$3,000","$3,000",$0,,Z - Issued,,1016430.015
1.0,1001,Repeat,19100036 D01,03/20/2015,,"$9,900","$16,500",$0,,I - Informal Settlement,,1012465.015
2.0,1002,Repeat,19100037 A03,03/20/2015,,"$19,800","$33,000",$0,,I - Informal Settlement,,1012465.015
3.0,1003,Repeat,19100157 E03,03/20/2015,,$330,$550,$0,,I - Informal Settlement,,1012465.015
4.0,1004,Repeat,19100303 G01 II,03/20/2015,,"$19,800","$33,000",$0,,I - Informal Settlement,,1012465.015
1.0,1001,Willful,19100037 A03,05/12/2015,05/18/2015,"$36,300","$60,500",$0,06/01/2015,F - Formal Settlement,,1008065.015
2.0,2001,Repeat,19100157 E01,05/12/2015,05/18/2015,"$11,400","$16,500",$0,06/01/2015,F - Formal Settlement,,1008065.015
3.0,2002,Repeat,19100303 G01 II,05/12/2015,05/18/2015,"$26,400","$44,000",$0,06/01/2015,F - Formal Settlement,,1008065.015
4.0,3001,Other,19040040 A,05/12/2015,05/18/2015,$900,"$1,100",$0,06/01/2015,F - Formal Settlement,,1008065.015
1.0,01001A,Serious,19100036 G02,12/22/2014,12/31/2014,"$4,200","$7,000",$0,,I - Informal Settlement,,1003589.015
2.0,01001B,Serious,19100037 A04,12/22/2014,12/31/2014,$0,$0,$0,,I - Informal Settlement,,1003589.015
3.0,01002A,Serious,19100157 C01,12/22/2014,12/31/2014,"$3,000","$5,000",$0,,I - Informal Settlement,,1003589.015
4.0,01002B,Serious,19100157 C04,12/22/2014,12/31/2014,$0,$0,$0,,I - Informal Settlement,,1003589.015
5.0,01002C,Serious,19100157 G01,12/22/2014,01/10/2015,$0,$0,$0,,I - Informal Settlement,,1003589.015
6.0,01003,Serious,19100303 G01,12/22/2014,12/31/2014,"$1,800","$3,000",$0,,I - Informal Settlement,,1003589.015
7.0,02001,Repeat,19100036 D01,12/22/2014,,"$15,000","$25,000",$0,,I - Informal Settlement,,1003589.015
8.0,02002A,Repeat,19100157 E02,12/22/2014,01/05/2015,"$9,000","$15,000",$0,,I - Informal Settlement,,1003589.015
9.0,02002B,Repeat,19100157 E03,12/22/2014,01/05/2015,$0,$0,$0,,I - Informal Settlement,,1003589.015
1.0,1001,Serious,19100037 A03,11/10/2014,11/14/2014,"$2,450","$3,750",$0,,I - Informal Settlement,,317843498.0
1.0,1001,Other,342 A,02/24/2015,03/17/2015,"$5,000","$5,000",$0,,-,,316983402.0
2.0,1002,Other,14300031 A,02/24/2015,03/17/2015,$210,$210,$0,,-,,316983402.0
3.0,1003,Other,3203 A,02/24/2015,03/17/2015,$210,$210,$0,,-,,316983402.0
4.0,2001,Serious,3650 T,02/24/2015,07/08/2015,"$18,000","$22,500",$0,,I - Informal Settlement,,316983402.0
5.0,3001,Serious,3668 A01,02/24/2015,03/17/2015,"$4,500","$7,650",$0,,I - Informal Settlement,,316983402.0
1.0,1001,Repeat,19100037 A03,09/17/2014,,$550,$550,$0,,Z - Issued,,992417.015
2.0,1002,Other,19100157 E03,09/17/2014,10/21/2014,$0,$0,$0,,Z - Issued,,992417.015
1.0,1001,Other,3203 A,10/01/2014,11/03/2014,$0,$375,$0,,F - Formal Settlement,,317730505.0
2.0,1002,Other,3225 A01,10/01/2014,11/03/2014,$375,$935,$0,,F - Formal Settlement,,317730505.0
3.0,1003,Other,3272 B,10/01/2014,11/03/2014,$375,$935,$0,,F - Formal Settlement,,317730505.0
1.0,1001,Other,19100178 L04 II B,10/28/2014,,"$2,104","$2,805",$0,,I - Informal Settlement,,990109.015
2.0,2001,Other,19100176 A,10/28/2014,11/24/2014,$0,$0,$0,,I - Informal Settlement,,990109.015
1.0,1001,Other,19100157 G02,09/30/2014,10/15/2014,"$1,500","$3,000",$0,,I - Informal Settlement,,989776.015
2.0,1002,Other,19100176 B,09/30/2014,10/01/2014,"$1,500","$3,000",$0,,I - Informal Settlement,,989776.015
3.0,2001,Repeat,19100303 G01,09/30/2014,10/01/2014,"$7,500","$15,000",$0,,I - Informal Settlement,,989776.015
1.0,1001,Repeat,19100037 A03,11/13/2014,11/19/2014,"$21,000","$33,000",$0,,I - Informal Settlement,,989056.015
2.0,1002,Repeat,19100157 C01,11/13/2014,11/19/2014,$900,"$1,100",$0,,I - Informal Settlement,,989056.015
3.0,1003,Serious,19100157 E03,11/13/2014,11/19/2014,$900,"$1,100",$0,,I - Informal Settlement,,989056.015
4.0,1004,Repeat,19100303 G01 II,11/13/2014,11/19/2014,"$9,200","$16,500",$0,,I - Informal Settlement,,989056.015
1.0,01001A,Serious,19100303 G01 II,07/18/2014,07/30/2014,$900,"$1,200",$0,,I - Informal Settlement,,985177.015
2.0,01001B,Serious,19100305 G01 IV A,07/18/2014,07/30/2014,$0,$0,$0,,I - Informal Settlement,,985177.015
3.0,02001,Other,19100157 C01,07/18/2014,07/30/2014,$0,$0,$0,,I - Informal Settlement,,985177.015
4.0,02002,Other,19100157 E03,07/18/2014,07/30/2014,$0,$0,$0,,I - Informal Settlement,,985177.015
1.0,01001A,Serious,19100036 D01,05/15/2014,05/19/2014,"$2,625","$2,625",$0,,-,,317692705.0
2.0,01001B,Serious,19100037 A03,05/08/2014,05/13/2014,$0,$0,$0,,-,,317692705.0
3.0,01001C,Serious,19100037 A04,05/15/2014,05/19/2014,$0,$0,$0,,-,,317692705.0
4.0,01002,Serious,19100303 G01,05/15/2014,05/20/2014,"$2,625","$2,625",$0,,-,,317692705.0
5.0,02001,Other,19100022 A01,05/15/2014,05/19/2014,$0,$0,$0,,-,,317692705.0
1.0,01001,Other,19100022 D01,05/02/2014,06/04/2014,$175,$175,$0,,-,,317724094.0
2.0,01002A,Other,19100022 A01,05/02/2014,06/04/2014,$175,$175,$0,,-,,317724094.0
3.0,01002B,Other,19100022 A02,05/02/2014,06/04/2014,$0,$0,$0,,-,,317724094.0
4.0,01003A,Other,19100037 A03,05/02/2014,06/04/2014,$175,$175,$0,,-,,317724094.0
5.0,01003B,Other,19100037 B07,05/02/2014,06/04/2014,$0,$0,$0,,-,,317724094.0
6.0,01003C,Other,19100037 B05,05/02/2014,06/04/2014,$0,$0,$0,,-,,317724094.0
7.0,01004,Other,19100157 C01,05/02/2014,06/04/2014,$175,$175,$0,,-,,317724094.0
8.0,01005,Other,19100303 G01 II,05/02/2014,06/04/2014,$350,$350,$0,,-,,317724094.0
1.0,1001,Repeat,19100036 G02,06/16/2014,07/18/2014,"$5,000","$10,000",$0,,I - Informal Settlement,,317403848.0
1.0,1001,Serious,19100022 A02,02/06/2014,02/14/2014,"$1,485","$2,700",$0,03/28/2014,F - Formal Settlement,,317313856.0
2.0,1002,Serious,19100022 D01,02/06/2014,02/14/2014,$743,"$1,350",$0,03/28/2014,F - Formal Settlement,,317313856.0
3.0,1003,Serious,19100023 C01,02/06/2014,02/14/2014,"$3,850","$7,000",$0,03/28/2014,F - Formal Settlement,,317313856.0
4.0,1004,Serious,19100037 A03,02/06/2014,02/14/2014,$743,"$1,350",$0,03/28/2014,F - Formal Settlement,,317313856.0
5.0,1005,Serious,19100303 B06,02/06/2014,02/14/2014,"$1,485","$2,700",$0,03/28/2014,F - Formal Settlement,,317313856.0
6.0,2001,Other,19100157 E02,02/06/2014,03/04/2014,$0,$0,$0,03/28/2014,-,,317313856.0
7.0,2002,Other,19100303 G01 I,02/06/2014,02/14/2014,$0,$0,$0,03/28/2014,-,,317313856.0
1.0,01001,Serious,95012901,11/22/2013,11/27/2013,"$2,800","$4,000",$0,,I - Informal Settlement,,317275378.0
2.0,02001,Other,19100026 C02 VII,11/22/2013,11/27/2013,$840,"$1,200",$0,,I - Informal Settlement,,317275378.0
3.0,02002A,Other,19101200 B04 II,11/22/2013,01/13/2014,$840,"$1,200",$0,,I - Informal Settlement,,317275378.0
4.0,02002B,Other,19101200 B04 III,11/22/2013,12/19/2013,$0,$0,$0,,I - Informal Settlement,,317275378.0
1.0,1001,Serious,19100022 A01,08/01/2013,08/30/2013,"$1,260","$1,575",$0,,Y - State Decision,,317155430.0
2.0,2001,Other,19100151 B,08/01/2013,08/30/2013,$0,$0,$0,,Y - State Decision,,317155430.0
3.0,2002,Other,19100303 B02,08/01/2013,08/30/2013,$0,$0,$0,,Y - State Decision,,317155430.0
1.0,1001,Repeat,19100037 A03,07/26/2013,08/05/2013,"$4,000","$6,500",$0,,I - Informal Settlement,,907752.015
2.0,1002,Serious,19100157 C01,07/26/2013,08/05/2013,"$4,000","$6,500",$0,,I - Informal Settlement,,907752.015
3.0,1003,Serious,19100303 F02,07/26/2013,08/05/2013,$220,$220,$0,,I - Informal Settlement,,907752.015
4.0,1004,Repeat,19100303 G01 II,07/26/2013,08/05/2013,"$4,000","$6,500",$0,,I - Informal Settlement,,907752.015
5.0,2001,Other,19100141 A03,07/26/2013,08/12/2013,$700,"$1,100",$0,,I - Informal Settlement,,907752.015
6.0,2002,Other,19100176 B,07/26/2013,08/05/2013,$0,$0,$0,,I - Informal Settlement,,907752.015
1.0,01001,Repeat,19100022 D01,07/24/2013,08/15/2013,$220,$220,$0,,I - Informal Settlement,,905396.015
2.0,02001,Serious,19100147 C04 I,07/24/2013,09/06/2013,"$2,200","$3,740",$0,,I - Informal Settlement,,905396.015
3.0,02002,Serious,19100151 C,07/24/2013,09/06/2013,"$1,600","$2,805",$0,,I - Informal Settlement,,905396.015
4.0,02003A,Other,19100212 A01,07/24/2013,08/15/2013,"$2,200","$4,675",$0,,I - Informal Settlement,,905396.015
5.0,02003B,Serious,19100212 A02,07/24/2013,08/01/2013,$0,$0,$0,,I - Informal Settlement,,905396.015
1.0,1001,Repeat,19100303 G01 II,03/15/2013,,"$27,500","$55,000",$0,,I - Informal Settlement,,892872.015
1.0,01001,Other,19100141 C01 I,05/30/2013,06/07/2013,"$2,400","$4,400",$0,,I - Informal Settlement,,892646.015
2.0,01002A,Other,19100176 B,05/30/2013,06/07/2013,"$3,600","$6,600",$0,,I - Informal Settlement,,892646.015
3.0,01002B,Serious,19100176 C,05/30/2013,06/07/2013,$0,$0,$0,,I - Informal Settlement,,892646.015
4.0,02001,Repeat,19100037 A03,05/30/2013,06/03/2013,"$11,000","$22,000",$0,,I - Informal Settlement,,892646.015
5.0,03001,Other,19100141 A04 I,05/30/2013,05/30/2013,$0,$0,$0,,I - Informal Settlement,,892646.015
1.0,1001,Serious,19100176 B,05/06/2013,05/11/2013,"$1,875","$3,750",$0,,I - Informal Settlement,,316624287.0
1.0,1001,Other,19040039 A,02/08/2013,,"$2,500","$5,000",$0,,I - Informal Settlement,,765542.015
1.0,1001,Serious,19101200 G08,12/12/2012,01/09/2013,"$1,934","$2,975",$0,,I - Informal Settlement,,316547587.0
1.0,1001,Serious,19100022 A01,11/19/2012,12/07/2012,"$3,000","$3,000",$0,,Z - Issued,,728361.015
2.0,1002,Serious,19100037 A03,11/19/2012,12/07/2012,"$3,000","$3,000",$0,,Z - Issued,,728361.015
1.0,1001,Other,19100303 G01 IA,10/18/2012,11/13/2012,$0,$0,$0,,-,,316754340.0
1.0,1001,Repeat,19100037 A03,09/12/2012,,"$8,250","$16,500",$0,,I - Informal Settlement,,588783.015
2.0,1002,Repeat,19100303 G01 II,09/12/2012,09/13/2012,"$8,250","$16,500",$0,,I - Informal Settlement,,588783.015
1.0,1001,Other,4082212904,08/28/2012,10/01/2012,$900,$900,$0,,-,,315386185.0
2.0,1002,Other,19100141 A05,08/28/2012,10/01/2012,$0,$0,$0,,-,,315386185.0
1.0,1001,Serious,19100305 B01 II,08/29/2012,09/04/2012,"$1,200","$1,200",$0,,-,,316614528.0
2.0,2001,Other,19100303 F01,08/29/2012,09/17/2012,$0,$0,$0,,-,,316614528.0
1.0,1001,Other,19100022 B01,06/04/2012,07/13/2012,$0,$0,$0,,P - Petition to Mod Abatement,,316553668.0
1.0,1001,Serious,19100303 G01 II,12/19/2011,12/22/2011,"$7,000","$15,000",$0,,I - Informal Settlement,,315978684.0
1.0,1001,Other,19100022 B01,02/21/2012,02/24/2012,"$2,100","$3,000",$0,,I - Informal Settlement,,316034271.0
2.0,1002,Repeat,19100305 G01 IVA,02/21/2012,02/24/2012,"$14,000","$20,000",$0,,I - Informal Settlement,,316034271.0
1.0,1001,Other,19100022 D01,10/03/2011,10/27/2011,"$3,000","$3,000",$0,,I - Informal Settlement,,315884858.0
2.0,1002,Other,19100303 B02,10/03/2011,10/27/2011,"$3,000","$3,000",$0,,I - Informal Settlement,,315884858.0
3.0,1003,Serious,19100305 B01 II,10/03/2011,10/27/2011,"$3,000","$3,000",$0,,I - Informal Settlement,,315884858.0
4.0,1004,Other,19100305 G01 III,10/03/2011,10/27/2011,"$3,000","$3,000",$0,,I - Informal Settlement,,315884858.0
1.0,1001,Other,19040029 B01,09/01/2011,10/01/2011,$700,"$1,000",$0,,I - Informal Settlement,,97358.015
2.0,1002,Other,19040029 B01,09/01/2011,10/01/2011,$700,"$1,000",$0,,I - Informal Settlement,,97358.015
3.0,1003,Other,19040029 B01,09/01/2011,10/01/2011,$700,"$1,000",$0,,I - Informal Settlement,,97358.015
4.0,1004,Other,19040029 B01,09/01/2011,10/01/2011,$700,"$1,000",$0,,I - Informal Settlement,,97358.015
5.0,1005,Other,19100178 L04 II B,09/01/2011,,$0,$0,$0,,I - Informal Settlement,,97358.015
1.0,01001A,Other,19100022 A01,07/28/2011,08/23/2011,$0,"$2,250",$0,,I - Informal Settlement,,315637421.0
2.0,01001B,Other,19100022 B02,07/28/2011,08/23/2011,$0,$0,$0,,I - Informal Settlement,,315637421.0
3.0,01002A,Serious,19100022 D01,07/28/2011,08/23/2011,"$2,250","$1,800",$0,,I - Informal Settlement,,315637421.0
4.0,01002B,Serious,19100026 C01,07/28/2011,08/23/2011,$0,$0,$0,,I - Informal Settlement,,315637421.0
5.0,01003A,Serious,19100036 G02,07/28/2011,08/23/2011,"$2,250","$2,250",$0,,I - Informal Settlement,,315637421.0
6.0,01003B,Other,19100037 A03,07/28/2011,08/23/2011,$0,$0,$0,,I - Informal Settlement,,315637421.0
1.0,1001,Other,19100176 B,08/16/2011,10/21/2011,"$2,550","$2,550",$0,,I - Informal Settlement,,315651430.0
2.0,2001,Other,19100022 A01,08/16/2011,10/21/2011,$0,$0,$0,,-,,315651430.0
1.0,1001,Serious,19100022 B01,06/06/2011,06/09/2011,"$4,000","$4,000",$0,,-,,314307455.0
2.0,1002,Serious,19100036 B02,06/06/2011,06/09/2011,"$5,000","$5,000",$0,,-,,314307455.0
3.0,1003,Serious,19100144 A03,06/06/2011,06/09/2011,"$4,000","$4,000",$0,,-,,314307455.0
1.0,1001,Other,19100037 A03,04/04/2011,04/07/2011,$0,$0,$0,,-,,313826208.0
2.0,1002,Other,19100157 C01,04/04/2011,04/07/2011,$0,$0,$0,,-,,313826208.0
3.0,1003,Other,19100303 G01 II,04/04/2011,04/07/2011,$0,$0,$0,,-,,313826208.0
1.0,1001,Other,19100037 B01,02/04/2011,03/02/2011,"$2,890","$3,400",$0,,I - Informal Settlement,,314910894.0
2.0,1002,Serious,19100141 D02 II,02/04/2011,03/02/2011,"$1,785","$2,550",$0,,I - Informal Settlement,,314910894.0
3.0,1003,Serious,19100157 G01,02/04/2011,03/02/2011,"$2,550","$2,550",$0,,I - Informal Settlement,Citation has been deleted.,314910894.0
1.0,01001A,Serious,19100022 B01,03/02/2011,03/14/2011,"$6,000","$6,000",$600,,I - Informal Settlement,,314276445.0
2.0,01001B,Serious,19100176 A,03/02/2011,03/14/2011,$0,$0,$0,,-,,314276445.0
3.0,02001,Repeat,19100157 C01,03/02/2011,03/07/2011,"$1,000","$1,000","$1,200",,I - Informal Settlement,,314276445.0
1.0,01001A,Serious,19100303 B02,10/21/2010,11/16/2010,"$4,000","$4,000",$0,,-,,311879084.0
2.0,01001B,Serious,19100303 G01 II,10/21/2010,11/16/2010,$0,$0,$0,,-,,311879084.0
3.0,01001C,Serious,19100303 G02 I,10/21/2010,11/16/2010,$0,$0,$0,,-,,311879084.0
4.0,02001,Other,19100022 B01,10/21/2010,11/16/2010,$0,$0,$0,,-,,311879084.0
1.0,1001,Other,19100305 B02,09/17/2010,09/22/2010,$0,"$3,500",$0,,I - Informal Settlement,,314380197.0
1.0,01001,Other,19100157 C01,08/18/2010,08/23/2010,$500,"$2,000",$0,,I - Informal Settlement,,311809008.0
2.0,01002,Serious,19100305 B02 I,08/18/2010,08/22/2010,"$2,000","$2,000",$0,,I - Informal Settlement,,311809008.0
3.0,01003A,Other,19100305 G01 IVA,08/18/2010,08/26/2010,$500,"$5,000",$0,,I - Informal Settlement,,311809008.0
4.0,01003B,Other,19100305 G01 IVC,08/18/2010,08/26/2010,$0,$0,$0,,I - Informal Settlement,,311809008.0
5.0,02001,Serious,19100037 A03,08/18/2010,08/23/2010,"$7,000","$7,500",$0,,I - Informal Settlement,,311809008.0
1.0,1001,Serious,19100141 A05,08/11/2010,08/17/2010,"$1,080","$1,080",$0,,-,,314300492.0
2.0,1002,Serious,19100303 G01 II,08/11/2010,08/16/2010,$810,$810,$0,,-,,314300492.0
3.0,1003,Serious,19100157 C01,08/11/2010,08/17/2010,$810,$810,$0,,-,,314300492.0
4.0,1004,Serious,19100037 A03,08/11/2010,08/17/2010,"$1,080","$1,080",$0,,-,,314300492.0
5.0,2001,Other,19100303 F02,08/11/2010,08/17/2010,$0,$0,$0,,-,,314300492.0
6.0,2002,Other,19100022 A01,08/11/2010,08/17/2010,$0,$0,$0,,-,,314300492.0
1.0,1001,Serious,19100022 A01,06/04/2010,06/23/2010,"$1,500","$2,500",$0,,I - Informal Settlement,,314418914.0
2.0,1002,Serious,19100303 G01 I,06/04/2010,06/23/2010,"$1,500","$2,500",$0,,I - Informal Settlement,,314418914.0
3.0,1003,Serious,19100303 G02 I,06/04/2010,06/23/2010,"$1,500","$2,500",$0,,I - Informal Settlement,,314418914.0
1.0,1001,Serious,19100036 D01,05/04/2010,05/07/2010,"$1,625","$1,875",$0,,I - Informal Settlement,,314337262.0
2.0,1002,Other,19100037 A03,05/04/2010,05/07/2010,$0,"$1,125",$0,,I - Informal Settlement,,314337262.0
3.0,1003,Other,19100157 E02,05/04/2010,05/07/2010,$0,"$1,125",$0,,I - Informal Settlement,,314337262.0
4.0,1004,Serious,19100157 E03,05/04/2010,06/06/2010,"$1,000","$1,125",$0,,I - Informal Settlement,,314337262.0
1.0,1001,Other,19101020 E01 IIIC,02/26/2010,02/26/2010,$787,"$1,125",$0,,I - Informal Settlement,,313407330.0
1.0,1001,Other,19040039 A01,08/08/2022,,"$10,360","$10,360",$0,,Z - Issued,,1595340.015
1.0,1001,Repeat,19100157 C01,08/08/2022,08/16/2022,"$5,180","$5,180",$0,,Z - Issued,,1595364.015
2.0,1002,Repeat,19100157 E02,08/08/2022,08/16/2022,"$5,180","$5,180",$0,,Z - Issued,,1595364.015
1.0,1001,Serious,19100303 G01,06/29/2022,,"$8,051","$8,051",$0,,I - Informal Settlement,,1593531.015
1.0,1001,Serious,OAR 437-001-0765(1),04/28/2022,05/09/2022,$165,$165,$0,,Z - Issued,,1588930.015
1.0,1001,Serious,19100303 B02,05/03/2022,06/06/2022,"$7,977","$11,396",$0,,I - Informal Settlement,,1572839.015
2.0,2001,Repeat,19100303 G01,05/03/2022,,"$63,810","$91,157",$0,,I - Informal Settlement,,1572839.015
1.0,1001,Repeat,19100022 A01,04/13/2022,05/09/2022,"$17,553","$29,255",$0,,I - Informal Settlement,,1571816.015
2.0,1002,Repeat,19100036 G04,04/13/2022,,"$17,553","$29,255",$0,,I - Informal Settlement,,1571816.015
3.0,1003,Repeat,19100176 B,04/13/2022,05/09/2022,"$5,853","$9,755",$0,,I - Informal Settlement,,1571816.015
1.0,1001,Willful,19100037 A03,01/25/2022,,"$95,715","$136,736",$0,,I - Informal Settlement,,1555839.015
2.0,2001,Repeat,19100157 C01,01/25/2022,02/18/2022,"$15,954","$22,792",$0,,I - Informal Settlement,,1555839.015
3.0,2002,Other,19100157 E02,01/25/2022,02/18/2022,$0,$0,$0,,I - Informal Settlement,,1555839.015
1.0,01001,Serious,19100028 B01 I,08/13/2020,09/30/2020,"$7,000","$13,494",$0,,I - Informal Settlement,,1468409.015
2.0,02001A,Willful,19100036 G02,08/13/2020,09/30/2020,"$76,000","$127,223",$0,,I - Informal Settlement,,1468409.015
3.0,02002B,Willful,19100037 A03,08/13/2020,09/30/2020,$0,"$127,223",$0,,I - Informal Settlement,,1468409.015
4.0,02003,Willful,19100157 C01,08/13/2020,09/30/2020,"$65,000","$106,025",$0,,I - Informal Settlement,,1468409.015
5.0,02004,Willful,19100176 B,08/13/2020,09/30/2020,"$76,000","$127,223",$0,,I - Informal Settlement,,1468409.015
6.0,02005,Willful,19100303 G01,08/13/2020,09/30/2020,"$76,000","$127,223",$0,,I - Informal Settlement,,1468409.015
1.0,1001,Serious,19100036 G02,03/26/2020,04/10/2020,"$4,665","$8,482",$0,,I - Informal Settlement,,1450479.015
2.0,1002,Repeat,19100157 C01,03/26/2020,04/10/2020,"$4,250","$10,604",$0,,I - Informal Settlement,,1450479.015
3.0,1003,Repeat,19100157 E03,03/26/2020,04/10/2020,"$1,165","$2,118",$0,,I - Informal Settlement,,1450479.015
4.0,1004,Repeat,19100176 B,03/26/2020,04/10/2020,"$2,916","$5,302",$0,,I - Informal Settlement,,1450479.015
1.0,1001,Serious,19100036 G02,03/18/2020,,"$4,665","$8,482",$0,,I - Informal Settlement,,1439273.015
2.0,2001,Repeat,19100022 A01,03/18/2020,04/16/2020,"$34,987","$63,613",$0,,I - Informal Settlement,,1439273.015
3.0,2002,Repeat,19100157 E03,03/18/2020,04/16/2020,"$2,329","$4,235",$0,,I - Informal Settlement,,1439273.015
4.0,3001,Other,19100304 F01 VIII,03/18/2020,04/16/2020,$0,$0,$0,,I - Informal Settlement,,1439273.015
1.0,1001,Repeat,19100022 A01,03/13/2020,,"$34,987","$63,613",$0,,I - Informal Settlement,,1436276.015
2.0,1002,Serious,19100036 G02,03/13/2020,,"$4,665","$8,482",$0,,I - Informal Settlement,,1436276.015
1.0,1001,Serious,OAR 437-002-0041(5)(A),10/30/2019,11/05/2019,$700,$700,$0,,I - Informal Settlement,,1437320.015
2.0,1002,Other,OAR 437-002-0041(4)(I)-2,10/30/2019,11/05/2019,$0,$300,$0,,I - Informal Settlement,,1437320.015
3.0,1003,Serious,19100176 B,10/30/2019,11/12/2019,$300,$300,$0,,I - Informal Settlement,,1437320.015
4.0,1004,Serious,OAR 437-002-0141(4),10/30/2019,11/05/2019,$300,$300,$0,,I - Informal Settlement,,1437320.015
1.0,01001A,Serious,19100022 A01,10/25/2017,11/06/2017,"$2,430","$2,430",$0,,Z - Issued,,1263467.015
2.0,01001B,Serious,19100036 G04,10/25/2017,10/31/2017,$0,$0,$0,,Z - Issued,,1263467.015
3.0,02001,Other,19100176 B,10/25/2017,11/06/2017,$0,$0,$0,,Z - Issued,,1263467.015
1.0,1001,Other,OAR 437-001-0765(12)-2,11/21/2017,12/26/2017,$0,$0,$0,,I - Informal Settlement,,1274821.015
1.0,1001,Other,19100022 A01,12/14/2016,12/22/2016,"$1,800","$1,800",$0,,I - Informal Settlement,,1192300.015
2.0,2001,Other,19040040 A,12/14/2016,12/22/2016,$0,$0,$0,,I - Informal Settlement,Citation has been deleted.,1192300.015
1.0,1001,Serious,19100022 D01,07/29/2016,08/24/2016,"$2,640","$3,300",$0,,I - Informal Settlement,,1158939.015
2.0,1002,Serious,19100023 C01,07/29/2016,08/24/2016,"$2,640","$3,300",$0,,I - Informal Settlement,,1158939.015
3.0,1003,Serious,19100176 C,07/29/2016,08/24/2016,"$2,640","$3,300",$0,,I - Informal Settlement,,1158939.015
4.0,1004,Serious,19100303 F02,07/29/2016,08/24/2016,"$2,640","$3,300",$0,,I - Informal Settlement,,1158939.015
5.0,1005,Serious,19100305 B01 II,07/29/2016,08/24/2016,"$2,640","$3,300",$0,,I - Informal Settlement,,1158939.015
6.0,2001,Repeat,19100303 G01 II,07/29/2016,08/24/2016,$880,"$1,100",$0,,I - Informal Settlement,,1158939.015
1.0,1001,Repeat,19100037 A03,07/29/2016,08/10/2016,"$44,000","$55,000",$0,,I - Informal Settlement,,1134983.015
2.0,1002,Repeat,19100303 G01 II,07/29/2016,08/10/2016,"$26,400","$33,000",$0,,I - Informal Settlement,,1134983.015
1.0,1001,Other,23400012 A,10/27/2022,,$420,$420,$0,,Z - Issued,,1611456.015
2.0,2001,Serious,23900001,10/27/2022,,"$6,750","$6,750",$0,,Z - Issued,,1611456.015
1.0,1001,Other,23400016 B01,09/27/2022,,$400,$400,$0,,Z - Issued,,1602924.015
2.0,1002,Other,5A0001,09/27/2022,,$300,$300,$0,,Z - Issued,,1602924.015
3.0,1003,Other,6151(E)(3),09/27/2022,11/15/2022,$400,$400,$0,,Z - Issued,,1602924.015
1.0,01001A,Serious,19100157 C01,12/06/2022,,"$8,287","$8,287",$0,,Z - Issued,,1600211.015
2.0,01001B,Serious,19100157 E02,12/06/2022,12/16/2022,$0,$0,$0,,Z - Issued,,1600211.015
3.0,02001,Repeat,19100037 A03,12/06/2022,,"$103,600","$103,600",$0,,Z - Issued,,1600211.015
4.0,03001,Repeat,19040040 A,12/06/2022,,"$4,144","$4,144",$0,,Z - Issued,,1600211.015
1.0,1001,Repeat,19100022 A01,11/18/2022,12/08/2022,"$91,157","$91,157",$0,11/23/2022,C - Contested,,1598433.015
2.0,1002,Repeat,19100037 B02,11/18/2022,12/08/2022,"$45,579","$45,579",$0,11/23/2022,C - Contested,,1598433.015
3.0,1003,Repeat,19100157 C01,11/18/2022,12/08/2022,"$68,365","$68,365",$0,11/23/2022,C - Contested,,1598433.015
4.0,1004,Repeat,19100176 B,11/18/2022,12/08/2022,"$136,741","$136,741",$0,11/23/2022,C - Contested,,1598433.015
1.0,1001,Other,3205(C),02/22/2022,,$635,$635,$0,,Z - Issued,,1552837.015
1.0,1001,Serious,19100036 G02,09/22/2021,10/22/2021,"$4,095","$7,802",$0,,I - Informal Settlement,,1543340.015
2.0,1002,Serious,19100176 B,09/22/2021,10/22/2021,"$4,095","$5,851",$0,,I - Informal Settlement,,1543340.015
1.0,1001,Other,3203(A)(8),10/20/2021,11/15/2021,$200,$200,$0,03/18/2022,O - Administrative Law Judge Order,,1540895.015
1.0,1001,Other,3400(C),12/27/2019,01/14/2020,$185,$185,$0,,Z - Issued,,1446226.015
2.0,1002,Other,6151(C)(1),12/27/2019,01/14/2020,$185,$185,$0,,Z - Issued,,1446226.015
1.0,01001A,Other,19100132 A,01/13/2020,01/30/2020,"$3,788","$7,577",$0,,I - Informal Settlement,,1444187.015
2.0,01001B,Serious,19100132 D02,01/13/2020,02/28/2020,$0,$0,$0,,I - Informal Settlement,Citation has been deleted.,1444187.015
3.0,01002,Serious,19100134 C02 I,01/13/2020,02/28/2020,"$5,683","$5,683",$0,,I - Informal Settlement,Citation has been deleted.,1444187.015
4.0,01003A,Serious,19100303 B01,01/13/2020,02/28/2020,"$7,577","$7,577",$0,,I - Informal Settlement,,1444187.015
5.0,01003B,Serious,19100303 G01 III,01/13/2020,01/30/2020,$0,"$5,683",$0,,I - Informal Settlement,,1444187.015
1.0,1001,Repeat,19100037 A03,04/28/2020,05/08/2020,"$65,000","$96,390",$0,,I - Informal Settlement,,1442594.015
1.0,1001,Other,19040040 A,11/20/2019,12/02/2019,"$1,000","$4,169",$0,,I - Informal Settlement,,1442747.015
2.0,2001,Other,19040007 B04,11/20/2019,12/10/2019,"$1,000","$2,085",$0,,I - Informal Settlement,,1442747.015
1.0,1001,Other,5A0001,01/06/2020,,$250,$250,$0,,I - Informal Settlement,,1414696.015
2.0,2001,Other,3235(E),01/06/2020,,"$2,000","$4,050",$0,,I - Informal Settlement,,1414696.015
1.0,1001,Repeat,19100037 A03,01/03/2018,,"$8,000","$10,000",$0,,I - Informal Settlement,,1277097.015
1.0,1001,Repeat,19100036 D01,04/11/2018,05/07/2018,"$60,977","$101,629",$0,,I - Informal Settlement,,1278507.015
1.0,1001,Serious,19100037 A03,04/07/2016,,"$1,000","$1,500",$0,,I - Informal Settlement,,1133331.015
2.0,2001,Other,19100157 C01,04/07/2016,,$0,$0,$0,,I - Informal Settlement,,1133331.015
3.0,2002,Other,19100303 G01,04/07/2016,,$0,$0,$0,,I - Informal Settlement,,1133331.015
4.0,2003,Other,19100305 G01 IV A,04/07/2016,,$0,$0,$0,,I - Informal Settlement,,1133331.015
1.0,1001,Other,19100022 A01,12/02/2022,12/29/2022,$0,$0,$0,,Z - Issued,,1626408.015
2.0,1002,Other,19100022 D02,12/02/2022,12/29/2022,$0,$0,$0,,Z - Issued,,1626408.015
1.0,1001,Repeat,19100303 G01,10/12/2022,,"$68,365","$68,365",$0,10/20/2022,C - Contested,,1605438.015
1.0,1001,Repeat,19100037 A03,12/12/2022,12/30/2022,"$145,027","$145,027",$0,,Z - Issued,,1601808.015
2.0,1002,Repeat,19100303 G01 II,12/12/2022,12/30/2022,"$145,027","$145,027",$0,,Z - Issued,,1601808.015
1.0,1001,Willful,19100037 A03,10/26/2022,11/07/2022,"$145,027","$145,027",$0,10/28/2022,C - Contested,,1599901.015
2.0,2001,Repeat,19100037 B02,10/26/2022,11/07/2022,"$11,396","$11,396",$0,10/28/2022,C - Contested,,1599901.015
3.0,2002,Repeat,19100305 B01 II,10/26/2022,11/07/2022,"$91,157","$91,157",$0,10/28/2022,C - Contested,,1599901.015
1.0,1001,Serious,19100022 A03,10/26/2022,,"$9,116","$9,116",$0,,Z - Issued,,1598544.015
2.0,1002,Serious,19100028 B11 II,10/26/2022,,"$9,116","$9,116",$0,,Z - Issued,,1598544.015
3.0,1003,Serious,19100036 D01,10/26/2022,,"$9,116","$9,116",$0,,Z - Issued,,1598544.015
4.0,2001,Repeat,19100022 A01,10/26/2022,,"$91,157","$91,157",$0,,Z - Issued,,1598544.015
5.0,2002,Repeat,19100037 A03,10/26/2022,,"$91,157","$91,157",$0,,Z - Issued,,1598544.015
6.0,2003,Repeat,19100176 B,10/26/2022,,"$91,157","$91,157",$0,,Z - Issued,,1598544.015
7.0,2004,Repeat,19100303 G01 II,10/26/2022,,"$91,157","$91,157",$0,,Z - Issued,,1598544.015
1.0,1001,Repeat,19100036 G02,06/07/2022,06/13/2022,"$4,500","$6,000",$0,,I - Informal Settlement,,1597620.015
2.0,1002,Repeat,19100303 G01,06/07/2022,06/13/2022,"$4,500","$6,000",$0,,I - Informal Settlement,,1597620.015
3.0,2001,Serious,19100036 D01,06/07/2022,06/13/2022,"$3,375","$4,500",$0,,I - Informal Settlement,,1597620.015
4.0,3001,Other,19100176 C,06/07/2022,06/13/2022,"$1,010","$1,350",$0,,I - Informal Settlement,,1597620.015
1.0,1001,Repeat,19100022 A01,10/26/2022,11/22/2022,"$136,741","$136,741",$0,10/28/2022,C - Contested,,1597065.015
2.0,1002,Repeat,19100037 A03,10/26/2022,11/22/2022,"$145,027","$145,027",$0,10/28/2022,C - Contested,,1597065.015
3.0,1003,Repeat,19100303 G01 II,10/26/2022,11/22/2022,"$136,741","$136,741",$0,10/28/2022,C - Contested,,1597065.015
1.0,1001,Willful,19100022 A01,10/26/2022,11/22/2022,"$136,736","$136,736",$0,10/28/2022,C - Contested,,1596914.015
2.0,1002,Willful,19100037 A03,10/26/2022,11/22/2022,"$136,736","$136,736",$0,10/28/2022,C - Contested,,1596914.015
3.0,1003,Willful,19100176 B,10/26/2022,11/22/2022,"$136,736","$136,736",$0,10/28/2022,C - Contested,,1596914.015
4.0,2001,Repeat,19100037 B02,10/26/2022,,"$2,277","$2,277",$0,10/28/2022,C - Contested,,1596914.015
5.0,2002,Repeat,19100157 C01,10/26/2022,11/22/2022,"$11,396","$11,396",$0,10/28/2022,C - Contested,,1596914.015
1.0,1001,Repeat,19100157 E02,07/29/2022,08/24/2022,"$1,935","$1,935",$0,,Z - Issued,,1594459.015
2.0,2001,Other,19100037 B04,07/29/2022,,$0,$0,$0,,Z - Issued,,1594459.015
3.0,2002,Other,19100157 C01,07/29/2022,,$0,$0,$0,,Z - Issued,,1594459.015
1.0,1001,Serious,19100022 A03,10/26/2022,11/22/2022,"$6,837","$6,837",$0,10/28/2022,C - Contested,,1593249.015
2.0,2001,Willful,19100022 A01,10/26/2022,11/22/2022,"$136,736","$136,736",$0,10/28/2022,C - Contested,,1593249.015
3.0,2002,Willful,19100037 A03,10/26/2022,11/22/2022,"$145,027","$145,027",$0,10/28/2022,C - Contested,,1593249.015
4.0,2003,Willful,19100176 B,10/26/2022,11/22/2022,"$136,736","$136,736",$0,10/28/2022,C - Contested,,1593249.015
5.0,2004,Willful,19100303 G01 II,10/26/2022,11/22/2022,"$136,736","$136,736",$0,10/28/2022,C - Contested,,1593249.015
6.0,3001,Repeat,19100157 C01,10/26/2022,11/22/2022,"$11,396","$11,396",$0,10/28/2022,C - Contested,,1593249.015
7.0,3002,Repeat,19100157 E02,10/26/2022,11/22/2022,"$2,277","$2,277",$0,10/28/2022,C - Contested,,1593249.015
1.0,1001,Willful,19100022 A01,10/26/2022,11/22/2022,"$136,736","$136,736",$0,10/28/2022,C - Contested,,1592570.015
2.0,1002,Willful,19100037 A03,10/26/2022,11/22/2022,"$145,027","$145,027",$0,10/28/2022,C - Contested,,1592570.015
3.0,1003,Willful,19100176 B,10/26/2022,11/22/2022,"$136,736","$136,736",$0,10/28/2022,C - Contested,,1592570.015
4.0,2001,Repeat,19100157 C01,10/26/2022,,"$11,396","$11,396",$0,10/28/2022,C - Contested,,1592570.015
1.0,1001,Willful,19100037 A03,10/06/2022,10/26/2022,"$136,736","$136,736",$0,10/11/2022,C - Contested,,1590571.015
2.0,2001,Repeat,19100157 C01,10/06/2022,10/26/2022,"$136,741","$136,741",$0,10/11/2022,C - Contested,,1590571.015
3.0,2002,Repeat,19100303 G01 II,10/06/2022,10/26/2022,"$136,741","$136,741",$0,10/11/2022,C - Contested,,1590571.015
1.0,1001,Repeat,19100037 A03,10/06/2022,10/26/2022,"$145,027","$145,027",$0,10/11/2022,C - Contested,,1590827.015
2.0,1002,Repeat,19100157 C01,10/06/2022,10/26/2022,"$22,792","$22,792",$0,10/11/2022,C - Contested,,1590827.015
3.0,1003,Repeat,19100176 B,10/06/2022,10/26/2022,"$145,027","$145,027",$0,10/11/2022,C - Contested,,1590827.015
1.0,1001,Willful,19100022 A01,10/06/2022,10/19/2022,"$136,736","$136,736",$0,10/11/2022,C - Contested,,1589448.015
2.0,1002,Willful,19100037 A03,10/06/2022,,"$136,736","$136,736",$0,10/11/2022,C - Contested,,1589448.015
3.0,1003,Willful,19100303 G01 II,10/06/2022,10/19/2022,"$136,736","$136,736",$0,10/11/2022,C - Contested,,1589448.015
1.0,1001,Repeat,19100036 D01,10/06/2022,11/02/2022,"$145,027","$145,027",$0,10/12/2022,C - Contested,,1588719.015
2.0,1002,Repeat,19100036 G02,10/06/2022,11/02/2022,"$145,027","$145,027",$0,10/12/2022,C - Contested,,1588719.015
3.0,1003,Repeat,19100037 A03,10/06/2022,11/02/2022,"$145,027","$145,027",$0,10/12/2022,C - Contested,,1588719.015
4.0,1004,Repeat,19100157 C01,10/06/2022,11/02/2022,"$22,792","$22,792",$0,10/12/2022,C - Contested,,1588719.015
5.0,1005,Repeat,19100303 G01 II,10/06/2022,11/02/2022,"$91,157","$91,157",$0,10/12/2022,C - Contested,,1588719.015
1.0,1001,Willful,19100036 D01,05/26/2022,,"$145,027","$145,027",$0,,I - Informal Settlement,,1571861.015
1.0,01001,Willful,19100036 D01,05/26/2022,07/29/2022,"$145,027","$145,027",$0,,I - Informal Settlement,,1566292.015
2.0,01002,Willful,19100037 A03,05/26/2022,07/29/2022,"$145,027","$145,027",$0,,I - Informal Settlement,,1566292.015
3.0,01003A,Willful,19100157 C01,05/26/2022,07/29/2022,"$145,027","$145,027",$0,,I - Informal Settlement,,1566292.015
4.0,01003B,Willful,19100303 G01,05/26/2022,06/29/2022,$0,$0,$0,,I - Informal Settlement,,1566292.015
1.0,1001,Willful,19100022 A01,02/23/2022,03/07/2022,"$102,552","$136,736",$0,,I - Informal Settlement,,1550484.015
2.0,1002,Willful,19100176 B,02/23/2022,03/07/2022,"$102,552","$136,736",$0,,I - Informal Settlement,,1550484.015
1.0,1001,Willful,19100022 A01,02/23/2022,03/07/2022,"$102,552","$136,736",$0,,I - Informal Settlement,,1550619.015
2.0,1002,Willful,19100303 G01 II,02/23/2022,03/07/2022,"$102,552","$136,736",$0,,I - Informal Settlement,,1550619.015
3.0,2001,Other,19100037 B02,02/23/2022,03/07/2022,$0,$0,$0,,I - Informal Settlement,,1550619.015
1.0,1001,Willful,19100037 A03,02/23/2022,03/14/2022,"$102,552","$136,736",$0,,I - Informal Settlement,,1550627.015
2.0,2001,Other,19100303 B02,02/23/2022,03/14/2022,$0,$0,$0,,I - Informal Settlement,,1550627.015
1.0,1001,Repeat,19100022 A01,12/08/2021,12/20/2021,"$96,550","$128,733",$0,,I - Informal Settlement,,1535419.015
2.0,1002,Repeat,19100176 B,12/08/2021,12/20/2021,"$48,271","$64,361",$0,,I - Informal Settlement,,1535419.015
3.0,1003,Repeat,19100303 G01 II,12/08/2021,12/20/2021,"$96,550","$128,733",$0,,I - Informal Settlement,,1535419.015
1.0,1001,Serious,19100037 A01,09/03/2021,,"$5,578","$8,582",$0,,I - Informal Settlement,,1522853.015
2.0,2001,Repeat,19100157 E03,09/03/2021,09/20/2021,"$13,950","$21,461",$0,,I - Informal Settlement,,1522853.015
1.0,1001,Serious,19100141 C01 I,04/08/2021,04/12/2021,"$1,755","$2,700",$0,,I - Informal Settlement,,1518325.015
1.0,1001,Serious,19100037 A03,03/30/2021,,"$10,728","$10,728",$0,,Z - Issued,,1510926.015
2.0,1002,Serious,19100304 F01 IV,03/30/2021,,"$8,582","$8,582",$0,,Z - Issued,,1510926.015
1.0,1001,Willful,19100037 A03,05/24/2021,06/02/2021,"$90,000","$128,726",$0,,I - Informal Settlement,,1509783.015
1.0,1001,Repeat,19100037 A03,05/19/2021,,"$45,053","$64,361",$0,,I - Informal Settlement,,1507692.015
2.0,1002,Repeat,19100303 G01,05/19/2021,,"$45,053","$64,361",$0,,I - Informal Settlement,,1507692.015
1.0,1001,Repeat,19040040 A,12/15/2020,,"$6,892","$10,604",$0,,I - Informal Settlement,,1492118.015
2.0,2001,Other,19101200 H03 IV,12/15/2020,01/29/2021,$0,$0,$0,,I - Informal Settlement,,1492118.015
1.0,01001A,Serious,19100303 B01 VIII,09/14/2020,10/08/2020,"$3,552","$7,104",$0,,I - Informal Settlement,,1489749.015
2.0,01001B,Serious,19100303 B08 I,09/14/2020,11/20/2020,$0,$0,$0,,I - Informal Settlement,,1489749.015
3.0,01001C,Serious,19100305 B02 I,09/14/2020,10/08/2020,$0,$0,$0,,I - Informal Settlement,,1489749.015
4.0,02001,Other,19100022 A01,09/14/2020,10/08/2020,$0,$0,$0,,I - Informal Settlement,,1489749.015
5.0,02002,Other,19100157 C01,09/14/2020,10/08/2020,$0,$0,$0,,I - Informal Settlement,,1489749.015
1.0,1001,Repeat,19100305 B02 I,04/15/2020,05/11/2020,"$6,500","$9,640",$0,,I - Informal Settlement,,1455672.015
2.0,1002,Repeat,19100305 G01 IV A,04/15/2020,05/11/2020,"$6,500","$9,640",$0,,I - Informal Settlement,,1455672.015
1.0,1001,Repeat,19100037 A03,06/03/2020,08/31/2020,"$53,015","$106,029",$0,,I - Informal Settlement,,1453868.015
1.0,1001,Other,19100037 B06,02/14/2020,02/24/2020,$0,$0,$0,,Z - Issued,,1451004.015
2.0,1002,Other,19100303 G01,02/14/2020,02/18/2020,$0,$0,$0,,Z - Issued,,1451004.015
1.0,1001,Serious,19100036 G02,01/03/2020,01/07/2020,$877,"$1,350",$0,,I - Informal Settlement,,1446881.015
2.0,1002,Serious,19100037 A03,01/03/2020,01/07/2020,$877,"$1,350",$0,,I - Informal Settlement,,1446881.015
3.0,1003,Serious,19100176 C,01/03/2020,01/07/2020,$877,"$1,350",$0,,I - Informal Settlement,,1446881.015
1.0,1001,Other,19100132 D01,03/16/2020,03/26/2020,$714,"$1,190",$0,,I - Informal Settlement,,1446325.015
2.0,1002,Other,19100134 C02 I,03/16/2020,03/26/2020,$714,"$1,190",$0,,I - Informal Settlement,,1446325.015
1.0,1001,Repeat,19100141 C01 I,09/30/2019,10/25/2019,$416,$416,$0,,Z - Issued,,1401913.015
1.0,1001,Other,19100141 D01,07/23/2019,07/31/2019,$0,$0,$0,,Z - Issued,,1393851.015
1.0,01001,Repeat,19100036 D01,07/02/2019,08/19/2019,$416,$416,$0,,Z - Issued,,1376785.015
2.0,02001A,Repeat,19100022 A01,07/02/2019,08/19/2019,$416,$416,$0,,Z - Issued,,1376785.015
3.0,02001B,Repeat,19100037 A03,07/02/2019,08/19/2019,$0,$0,$0,,Z - Issued,,1376785.015
1.0,1001,Serious,19100178 L02 I,05/22/2019,05/29/2019,"$2,500","$5,000",$0,,I - Informal Settlement,,1372897.015
1.0,1001,Serious,19100303 B02,08/17/2018,09/13/2018,"$3,535","$6,097",$0,,I - Informal Settlement,,1333332.015
2.0,2001,Repeat,19100305 B02 I,08/17/2018,09/13/2018,"$15,000","$30,487",$0,,I - Informal Settlement,,1333332.015
3.0,2002,Repeat,19100305 G01 IV,08/17/2018,09/13/2018,"$15,000","$30,487",$0,,I - Informal Settlement,,1333332.015
1.0,1001,Other,19100157 E02,08/17/2018,09/21/2018,$0,$0,$0,,I - Informal Settlement,,1332824.015
2.0,1002,Other,19100157 G02,08/17/2018,09/21/2018,$0,$0,$0,,I - Informal Settlement,Citation has been deleted.,1332824.015
1.0,1001,Willful,19100141 A03 I,08/17/2018,09/13/2018,"$7,622","$10,163",$0,,I - Informal Settlement,,1333021.015
2.0,1002,Willful,19100141 C01 I,08/17/2018,09/13/2018,"$7,622","$10,163",$0,,I - Informal Settlement,,1333021.015
1.0,1001,Serious,19100253 B04 III,06/01/2018,,"$5,488","$9,146",$0,,I - Informal Settlement,,1316798.015
1.0,1001,Repeat,19100022 A01,12/12/2017,,"$1,394","$1,991",$0,,I - Informal Settlement,,1279451.015
1.0,1001,Repeat,19100037 A03,02/08/2018,,"$79,000","$121,946",$0,,I - Informal Settlement,,1263006.015
2.0,1002,Repeat,19100157 C01,02/08/2018,,"$1,000","$1,848",$0,,I - Informal Settlement,,1263006.015
3.0,2001,Other,19100036 G02,02/08/2018,,$0,$0,$0,,I - Informal Settlement,,1263006.015
4.0,2002,Other,19100037 B03,02/08/2018,,$0,$0,$0,,I - Informal Settlement,,1263006.015
5.0,2003,Other,19100157 G01,02/08/2018,03/07/2018,$0,$0,$0,,I - Informal Settlement,Citation has been deleted.,1263006.015
1.0,1001,Other,19100141 A05,01/17/2017,02/10/2017,$559,"$1,118",$0,,I - Informal Settlement,,1200610.015
1.0,01001,Repeat,19100022 A01,06/01/2017,07/06/2017,"$20,020","$29,876",$0,,I - Informal Settlement,,1198147.015
2.0,01002A,Repeat,19100036 G02,06/01/2017,07/06/2017,"$20,020","$29,876",$0,,I - Informal Settlement,,1198147.015
3.0,01002B,Repeat,19100037 A03,06/01/2017,07/06/2017,$0,$0,$0,,I - Informal Settlement,,1198147.015
4.0,01003,Repeat,19100157 C01,06/01/2017,06/13/2017,"$9,961","$9,961",$0,,I - Informal Settlement,Citation has been deleted.,1198147.015
5.0,01004,Repeat,19100303 G01 II,06/01/2017,07/06/2017,"$9,961","$9,961",$0,,I - Informal Settlement,,1198147.015
6.0,02001,Other,19100038 F01,06/01/2017,07/06/2017,$0,$0,$0,,I - Informal Settlement,Citation has been deleted.,1198147.015
1.0,1001,Serious,19100022 A01,02/17/2017,,"$3,585","$5,975",$0,,I - Informal Settlement,,1188854.015
1.0,1001,Repeat,19100037 A03,09/08/2016,,"$70,547","$78,386",$0,,I - Informal Settlement,,1167163.015
2.0,1002,Repeat,19100157 C01,09/08/2016,,$0,"$39,193",$0,,I - Informal Settlement,Citation has been deleted.,1167163.015
3.0,1003,Repeat,19100303 G01,09/08/2016,,"$35,273","$39,193",$0,,I - Informal Settlement,,1167163.015
1.0,1001,Repeat,19100157 C01,04/06/2016,05/23/2016,$300,$440,$0,,I - Informal Settlement,,1132286.015
1.0,01001,Serious,19100141 A05,04/13/2016,05/09/2016,"$2,000","$2,550",$0,,I - Informal Settlement,,1123994.015
2.0,02001A,Other,19100138 A,04/13/2016,04/25/2016,$0,$850,$0,,I - Informal Settlement,,1123994.015
3.0,02001B,Other,19100132 D01,04/13/2016,04/25/2016,$0,$0,$0,,I - Informal Settlement,,1123994.015
1.0,01001A,Serious,19100141 C01 I,02/19/2016,02/23/2016,$780,"$1,200",$0,,I - Informal Settlement,,1121762.015
2.0,01001B,Serious,19100141 D02 I,02/19/2016,02/23/2016,$0,$0,$0,,I - Informal Settlement,,1121762.015
1.0,1001,Serious,19100037 B02,06/15/2016,07/05/2016,"$2,000","$3,300",$0,,I - Informal Settlement,,1114508.015
2.0,2001,Repeat,19100036 D01,06/15/2016,07/05/2016,"$45,000","$55,000",$0,,I - Informal Settlement,,1114508.015
3.0,2002,Repeat,19100037 A03,06/15/2016,07/05/2016,"$4,000","$5,500",$0,,I - Informal Settlement,,1114508.015
4.0,2003,Repeat,19100305 G01 IV A,06/15/2016,07/05/2016,"$4,000","$5,500",$0,,I - Informal Settlement,,1114508.015
5.0,3001,Other,19100303 F02,06/15/2016,07/31/2016,$0,$0,$0,,I - Informal Settlement,,1114508.015
1.0,01001A,Other,19100023 D01,01/28/2016,02/09/2016,"$2,000","$6,000",$0,,I - Informal Settlement,,1082459.015
2.0,01001B,Other,19100024 F,01/28/2016,02/09/2016,$0,$0,$0,,I - Informal Settlement,,1082459.015
3.0,01002,Serious,19100037 A03,01/28/2016,02/09/2016,"$2,000","$3,000",$0,,I - Informal Settlement,,1082459.015
4.0,01003A,Serious,19100037 B01,01/28/2016,02/09/2016,"$2,000","$5,000",$0,,I - Informal Settlement,,1082459.015
5.0,01003B,Serious,19100037 B05,01/28/2016,02/09/2016,$0,$0,$0,,I - Informal Settlement,Citation has been deleted.,1082459.015
6.0,01004A,Serious,19100303 F02,01/28/2016,02/09/2016,"$2,000","$3,000",$0,,I - Informal Settlement,,1082459.015
7.0,01004B,Serious,19100303 G01,01/28/2016,02/09/2016,$0,$0,$0,,I - Informal Settlement,,1082459.015
8.0,01004C,Serious,19100303 G01 II,01/28/2016,02/09/2016,$0,$0,$0,,I - Informal Settlement,,1082459.015
9.0,01005,Other,19100334 A03 III,01/28/2016,02/09/2016,"$2,000","$3,000",$0,,I - Informal Settlement,,1082459.015
10.0,01006A,Other,19101200 H02 III,01/28/2016,02/09/2016,"$1,500","$3,000",$0,,I - Informal Settlement,,1082459.015
11.0,01006B,Other,19101200 H03 IV,01/28/2016,02/09/2016,$0,$0,$0,,I - Informal Settlement,,1082459.015
12.0,02001,Willful,19100036 D01,01/28/2016,02/09/2016,"$49,000","$70,000",$0,,I - Informal Settlement,,1082459.015
13.0,02002,Willful,19100037 A03,01/28/2016,02/09/2016,"$49,000","$70,000",$0,,I - Informal Settlement,,1082459.015
14.0,03001,Other,19100157 G02,01/28/2016,02/09/2016,$0,$0,$0,,I - Informal Settlement,,1082459.015
1.0,1001,Serious,19100036 G02,09/14/2015,,"$1,800","$3,000",$0,,I - Informal Settlement,,1079844.015
2.0,1002,Serious,19100037 A03,09/14/2015,,"$1,800","$3,000",$0,,I - Informal Settlement,,1079844.015
1.0,1001,Other,19100178 M05 III,11/30/2015,12/10/2015,"$4,200","$6,000",$0,,I - Informal Settlement,,1083884.015
1.0,1001,Repeat,19100037 A03,10/08/2015,,"$27,500","$55,000",$0,,I - Informal Settlement,,1062209.015
2.0,2001,Other,19040040 A,10/08/2015,,$550,"$1,100",$0,,I - Informal Settlement,,1062209.015
1.0,1001,Serious,19100037 A03,11/10/2014,11/14/2014,"$2,450","$3,750",$0,,I - Informal Settlement,,317843498.0
1.0,1001,Repeat,19100036 G02,06/16/2014,07/18/2014,"$5,000","$10,000",$0,,I - Informal Settlement,,317403848.0
1.0,1001,Other,19100037 A03,08/19/2013,08/22/2013,$0,$0,$0,,-,,316785211.0
2.0,1002,Other,19100303 G01 II,08/19/2013,08/22/2013,$0,$0,$0,,-,,316785211.0
1.0,01001,Serious,95012901,11/22/2013,11/27/2013,"$2,800","$4,000",$0,,I - Informal Settlement,,317275378.0
2.0,02001,Other,19100026 C02 VII,11/22/2013,11/27/2013,$840,"$1,200",$0,,I - Informal Settlement,,317275378.0
3.0,02002A,Other,19101200 B04 II,11/22/2013,01/13/2014,$840,"$1,200",$0,,I - Informal Settlement,,317275378.0
4.0,02002B,Other,19101200 B04 III,11/22/2013,12/19/2013,$0,$0,$0,,I - Informal Settlement,,317275378.0
1.0,1001,Serious,19101200 G08,12/12/2012,01/09/2013,"$1,934","$2,975",$0,,I - Informal Settlement,,316547587.0
1.0,1001,Other,19100303 G01 IA,10/18/2012,11/13/2012,$0,$0,$0,,-,,316754340.0
1.0,1001,Other,19100037 A03,04/04/2011,04/07/2011,$0,$0,$0,,-,,313826208.0
2.0,1002,Other,19100157 C01,04/04/2011,04/07/2011,$0,$0,$0,,-,,313826208.0
3.0,1003,Other,19100303 G01 II,04/04/2011,04/07/2011,$0,$0,$0,,-,,313826208.0
1.0,1001,Other,19100305 B02,02/04/2010,03/03/2010,$975,"$2,750",$0,,I - Informal Settlement,,314021304.0
2.0,2001,Other,19100037 A04,02/04/2010,03/03/2010,$0,$0,$0,,-,,314021304.0
3.0,2002,Other,19100157 C01,02/04/2010,03/03/2010,$0,$0,$0,,-,,314021304.0
4.0,2003,Other,19100157 E02,02/04/2010,03/03/2010,$0,$0,$0,,-,,314021304.0
5.0,2004,Other,19100305 G01 IVA,02/04/2010,03/03/2010,$0,$0,$0,,-,,314021304.0
6.0,2005,Other,19101200 H01 I,02/04/2010,03/03/2010,$0,$0,$0,,-,,314021304.0
